TSID,peer,parent,self,teacher
1011013012,25,24,29,26
1011013022,28,22,28,28
1011013031,17,21,21,24
1011013041,23,20,23,24
1011013071,20,17,26,20
1011013081,19,20,19,21
1011013092,11,20,19,13
1011013101,21,27,29,29
1011016012,23,22,21,19
1011016022,29,23,24,24
1011016031,11,24,23,11
1011016041,9,8,22,21
1011016052,19,25,25,26
1011016062,18,14,19,19
1011016071,18,27,22,19
1011016081,14,19,25,14
1011016092,19,26,23,26
1011016101,17,20,18,17
1011023012,7,13,14,15
1011023022,24,15,21,25
1011023031,18,18,23,25
1011023041,19,19,21,22
1011023052,28,27,28,23
1011023062,20,20,21,23
1011023071,7,17,24,17
1011023081,17,23,30,16
1011023092,29,26,27,26
1011023101,6,17,18,17
1011026012,27,28,29,21
1011026022,32,26,27,20
1011026031,26,28,28,26
1011026041,27,24,20,25
1011026052,12,18,19,9
1011026062,30,25,26,21
1011026071,31,18,24,16
1011026081,20,24,24,14
1011026092,28,24,25,14
1011026101,24,23,25,9
1011033012,12,22,22,24
1011033022,26,9,26,17
1011033031,15,12,20,12
1011033041,17,14,23,9
1011033052,22,19,21,26
1011033062,28,16,24,21
1011033071,14,22,24,19
1011033081,13,22,22,15
1011033092,26,31,27,28
1011033101,11,21,18,18
1011036012,11,26,23,21
1011036022,18,18,18,13
1011036031,24,13,16,11
1011036041,19,22,22,13
1011036052,17,18,18,23
1011036062,24,20,18,25
1011036071,20,22,26,20
1011036081,12,21,20,29
1011036092,28,18,19,26
1011036101,16,18,23,17
1011493012,27,30,24,29
1011493022,24,14,19,25
1011493031,25,27,27,28
1011493041,19,18,25,14
1011493052,15,15,16,19
1011493062,28,22,25,30
1011493071,19,23,23,23
1011493081,30,14,14,19
1011493092,21,18,16,16
1011493101,29,15,24,29
1011496012,23,23,24,25
1011496022,24,29,30,32
1011496031,18,28,25,26
1011496041,17,11,13,16
1011496052,24,20,23,28
1011496062,17,24,26,24
1011496071,25,22,21,31
1011496081,17,13,23,24
1011496092,30,28,30,31
1011496101,25,22,24,28
1011513052,23,12,22,13
1011513062,26,23,27,23
1021063012,12,11,19,21
1021063022,5,19,19,16
1021063031,31,21,23,24
1021063041,20,20,17,19
1021063052,24,19,21,13
1021063062,27,22,25,26
1021063071,21,10,12,19
1021063081,27,19,17,25
1021063092,21,24,24,24
1021063101,10,21,20,19
1021066012,15,19,23,16
1021066022,26,15,15,24
1021066031,18,24,25,25
1021066041,21,17,20,18
1021066052,27,24,25,21
1021066062,30,24,30,26
1021066071,7,20,20,21
1021066081,28,23,21,25
1021066092,26,22,21,25
1021066101,21,21,25,10
1021073012,26,15,18,20
1021073022,23,31,31,22
1021073031,16,28,28,23
1021073041,22,22,26,17
1021073052,17,14,21,22
1021073062,25,23,23,25
1021073071,28,27,27,24
1021073081,21,24,22,14
1021073092,13,25,26,14
1021073101,25,24,25,13
1021076012,22,21,22,28
1021076022,30,22,21,28
1021076031,16,24,26,23
1021076041,24,27,29,29
1021076052,28,27,27,29
1021076062,21,15,17,3
1021076071,32,24,22,26
1021076081,17,13,13,11
1021076092,27,25,26,28
1021076101,23,23,24,27
1021123012,9,17,21,9
1021123022,24,28,25,16
1021123031,22,15,21,26
1021123041,28,18,23,14
1021123052,18,20,25,22
1021123062,19,24,27,14
1021123071,15,27,29,16
1021123081,20,27,23,19
1021123092,28,19,27,17
1021123101,14,19,21,24
1021126012,19,31,26,20
1021126022,22,20,20,26
1021126031,26,32,28,29
1021126041,17,16,16,16
1021126052,9,22,25,14
1021126062,19,21,23,20
1021126071,15,24,25,29
1021126081,18,17,9,15
1021126092,15,27,26,21
1021126101,18,18,21,23
1031463012,27,13,10,24
1031463022,18,16,20,21
1031463031,30,25,26,29
1031463041,20,22,23,21
1031463052,10,15,15,15
1031463062,11,19,17,27
1031463071,26,23,20,19
1031463081,28,24,17,25
1031463092,28,21,22,28
1031463101,14,22,23,25
1031466012,27,23,24,32
1031466022,28,20,23,32
1031466031,28,28,31,28
1031466041,23,27,28,18
1031466052,28,25,28,30
1031466062,28,24,25,30
1031466071,27,18,24,13
1031466081,27,18,23,19
1031466092,31,22,25,28
1031466101,23,25,26,14
1031473012,18,15,28,19
1031473022,18,28,10,21
1031473031,10,27,18,20
1031473041,7,23,21,13
1031473052,19,15,25,20
1031473062,23,19,27,17
1031473071,14,25,27,18
1031473081,6,11,13,10
1031473092,9,13,26,19
1031473101,9,16,16,14
1031476012,22,26,28,23
1031476022,21,22,29,15
1031476031,25,16,20,13
1031476041,18,18,15,16
1031476052,29,21,20,24
1031476062,21,26,29,26
1031476071,24,22,20,14
1031476081,29,23,25,18
1031476092,19,27,27,25
1031476101,5,17,17,9
1031483012,20,25,29,29
1031483022,21,15,15,21
1031483031,24,17,24,21
1031483041,21,24,28,16
1031483052,23,20,24,19
1031483062,20,20,23,17
1031483071,20,22,26,26
1031483081,15,15,16,20
1031483092,16,23,22,23
1031483101,14,19,20,12
1031486012,22,32,32,24
1031486022,13,21,20,25
1031486031,23,17,18,26
1031486041,21,24,25,29
1031486052,28,24,27,24
1031486062,27,26,26,25
1031486071,25,24,26,30
1031486081,11,16,17,25
1031486092,27,23,23,28
1031486101,13,18,21,27
1042263012,20,19,27,24
1042263022,7,21,20,27
1042263031,13,17,17,27
1042263041,28,29,26,30
1042263052,10,27,18,24
1042263062,27,29,13,21
1042263071,23,19,25,26
1042263081,22,13,28,11
1042263092,20,19,20,26
1042263101,22,22,26,21
1042266012,9,20,26,18
1042266022,24,27,22,27
1042266031,20,17,22,15
1042266041,25,25,21,31
1042266052,21,30,20,16
1042266062,21,23,15,27
1042266071,13,15,21,21
1042266081,31,24,26,16
1042266092,27,31,17,24
1042266101,25,22,23,29
1042273012,23,18,20,19
1042273022,26,17,17,26
1042273031,18,11,24,25
1042273041,29,14,21,25
1042273052,14,22,25,28
1042273062,19,18,24,29
1042273071,19,18,27,22
1042273081,28,15,28,22
1042273092,19,15,23,24
1042273101,20,12,18,25
1042276012,27,25,15,22
1042276022,20,17,21,16
1042276031,25,19,24,19
1042276041,27,23,30,26
1042276052,28,28,26,28
1042276062,21,20,22,20
1042276071,27,17.5,22,15
1042276081,21,21,14,26
1042276092,24,11,22,8
1042276101,25,26,31,29
1042333012,22,28,24,19
1042333022,22,27,31,29
1042333031,28,27,32,30
1042333041,28,29,29,26
1042333052,17,26,17,27
1042333062,27,26,18,28
1042333071,5,27,28,28
1042333081,28,26,26,27
1042333092,23,28,25,28
1042333101,25,24,24,27
1042336012,19,25,20,22
1042336022,13,29,10,10
1042336031,16,31,25,20
1042336041,20,28,24,24
1042336052,25,27,25,14
1042336062,25,25,26,16
1042336071,28,28,26,24
1042336081,17,22,31,12
1042336092,7,13,21,9
1042336101,24,24,23,23
1042343012,19,19.5,29,17
1042343022,17,15,18,13
1042343031,23,30,27,11
1042343041,12,24,26,13
1042343052,21,26,20,15
1042343062,24,22,14,16
1042343071,25,19,12,13
1042343081,24,28,27,8
1042343092,25,30,26,28
1042343101,24,27,28,15
1042346012,3,18,17,8
1042346022,8,21,19,25
1042346031,18,24,20,27
1042346041,31,26,24,31
1042346052,4,29,24,6
1042346062,27,29,23,26
1042346071,26,30,26,30
1042346081,29,30,12,27
1042346092,26,19,20,28
1042346101,16,28,29,27
1042383012,21,21,24,11
1042383022,22,22,22,25
1042383031,21,27,20,30
1042383041,11,26,18,16
1042383052,24,30,20,17
1042383062,23,25,28,26
1042383071,15,14,22,23
1042383081,18,20,20,19
1042383092,22,22,18,24
1042383101,14,12,21,27
1042386012,27,23,28,31
1042386022,30,25,26,32
1042386031,28,23,13,31
1042386041,28,21,24,31
1042386052,32,27,29,32
1042386062,29,28,32,32
1042386071,27,26,28,28
1042386081,27,27,29,29
1042386092,29,30,27,30
1042386101,30,32,28,30
1042423012,24,28,27,28
1042423022,25,29,26,28
1042423031,23,28,24,28
1042423041,20,19,24,15
1042423052,21,23,12,20
1042423062,9,25,25,22
1042423071,8,23,23,18
1042423081,24,30,24,20
1042423092,26,22,22,28
1042423101,21,26,24,26
1042426012,25,23,23,23
1042426022,28,28,28,27
1042426031,32,29,29,29
1042426041,29,19,16,19
1042426052,21,22,26,22
1042426062,28,21,22,21
1042426071,19,21,27,21
1042426081,20,20,15,20
1042426092,23,24,26,24
1042426101,25,21,23,22
1051143012,26,27,20,26
1051143022,21,21,22,20
1051143031,12,23,29,18
1051143041,22,22,17,23
1051143052,20,23,22,23
1051143062,13,21,18,25
1051143071,22,18,23,28
1051143081,16,23,27,22
1051143092,26,19,16,25
1051143101,8,19,25,26
1051146012,14,23,24,21
1051146022,25,27,27,26
1051146031,17,28,27,20
1051146041,14,25,25,26
1051146052,18,27,26,24
1051146062,26,24,22,27
1051146071,16,16,19,16
1051146081,23,16,16,27
1051146092,26,27,30,30
1051146101,16,25,27,27
1051153012,20,28,24,23
1051153022,24,26,27,16
1051153031,27,20,25,16
1051153041,15,19,23,13
1051153052,25,30,28,19
1051153062,19,25,22,27
1051153071,25,18,14,13
1051153081,18,28,28,13
1051153092,25,25,23,19
1051153101,14,20,21,11
1051156012,8,15,12,19
1051156022,24,27,27,22
1051156031,29,16,28,18
1051156041,22,26,24,20
1051156052,18,25,25,28
1051156062,26,21,27,11
1051156071,30,29,29,29
1051156081,29,29,29,22
1051156092,26,25,27,15
1051156101,9,22,20,18
1052183012,26,23,25,15
1052183022,22,28,23,18
1052183031,22,26,25,26
1052183041,29,18,28,16
1052183052,27,16,26,17
1052183062,28,27,29,20
1052183071,21,27,22,13
1052183081,27,20,25,14
1052183092,24,25,29,24
1052183101,22,18,25,17
1052186012,21,26,25,27
1052186022,23,27,27,22
1052186031,20,21,29,20
1052186041,22,27,30,24
1052186052,25,26,28,27
1052186062,17,26,23,22
1052186071,16,20,17,29
1052186081,25,26,26,28
1052186092,27,27,28,28
1052186101,22,26,27,25
1052193012,28,28,28,27
1052193022,11,25,24,23
1052193031,19,27,28,26
1052193041,20,31,26,28
1052193052,22,24,29,27
1052193062,12,29,26,24
1052193071,18,28,20,26
1052193081,29,27,16,18
1052193092,28,26,27,29
1052193101,24,28,26,24
1052196012,20,22,21,27
1052196022,25,19,27,18
1052196031,31,29,20,18
1052196041,23,28,28,18
1052196052,28,24,30,23
1052196062,31,25,28,18
1052196071,28,28,24,25
1052196081,16,19,31,10
1052196092,23,26,28,16
1052196101,24,25,21,19
1052223012,18,24,26,18
1052223022,24,21,29,22
1052223031,26,12,24,11
1052223041,24,18,24,17
1052223052,15,23,22,25
1052223062,27,18,22,19
1052223071,22,22,23,20
1052223081,22,10,24,10
1052223092,27,24,24,21
1052223101,23,20,29,19
1052226012,18,25,27,24
1052226022,25,29,16,28
1052226031,18,20,23,23
1052226041,31,29,20,24
1052226052,25,29,30,30
1052226062,31,28,24,23
1052226071,19,26,27,25
1052226081,29,25,15,29
1052226092,30,30,26,29
1052226101,28,29,30,29
1052233012,24,26,27,26
1052233022,27,31,28,25
1052233031,26,25,29,27
1052233041,28,26,31,27
1052233052,29,26,28,24
1052233062,32,26,30,23
1052233071,25,27,26,25
1052233081,30,20,23,28
1052233092,29,24,26,27
1052233101,18,22,29,23
1052236012,29,27,21,29
1052236022,29,26,28,28
1052236031,29,29,30,29
1052236041,28,31,27,27
1052236052,25,26,28,23
1052236062,29,26,23,26
1052236071,27,28,29,26
1052236081,28,25,28,25
1052236092,27,28,28,30
1052236101,16,25,31,20
1061043012,30,18,28,27
1061043022,30,20,27,31
1061043031,24,25,28,27
1061043041,13,20,26,23
1061043052,31,27,29,28
1061043062,31,23,32,29
1061043071,14,20,26,20
1061043081,16,19,17,16
1061043092,26,18,21,30
1061043101,19,22,29,26
1061046012,19,25,23,25
1061046022,15,17,23,24
1061046031,19,23,15,14
1061046041,22,25,24,12
1061046052,19,27,26,29
1061046062,14,25,25,26
1061046071,28,26,27,24
1061046081,20,26,28,28
1061046092,26,20,29,21
1061046101,17,19,24,20
1061053012,13,22,24,25
1061053022,7,21,23,29
1061053031,23,24,19,29
1061053041,27,26,23,21
1061053052,22,22,21,18
1061053062,25,27,20,21
1061053071,29,28,24,15
1061053081,16,11,21,22
1061053092,22,27,19,21
1061053101,12,26,25,19
1061056012,30,15,22,27
1061056022,23,28,25,31
1061056031,22,26,21,21
1061056041,21,23,22,24
1061056052,20,25,26,27
1061056062,22,22,20,25
1061056071,23,21,24,21
1061056081,21,25,19,22
1061056092,14,18,21,18
1061056101,23,25,30,26
1062083012,16,25,26,11
1062083022,5,15,21,22
1062083031,17,23,26,22
1062083041,28,24,29,22
1062083052,29,31,30,27
1062083062,29,25,26,26
1062083071,27,26,25,23
1062083081,26,19,30,18
1062083092,11,19,27,18
1062083101,28,28,29,28
1062086012,23,21,29,28
1062086022,24,27,29,28
1062086031,22,18,15,19
1062086041,11,20,28,14
1062086052,17,20,29,22
1062086062,12,18,24,20
1062086071,22,26,24,19
1062086081,9,22,27,17
1062086092,22,29,25,30
1062086101,13,21,19,14
1062093012,27,20,23,24
1062093022,29,24,29,20
1062093031,28,29,25,28
1062093041,23,30,19,31
1062093052,23,29,29,15
1062093062,30,25,22,29
1062093071,13,27,20,29
1062093081,22,26,25,13
1062093092,30,27,28,27
1062093101,27,27,29,15
1062096012,28,26,29,27
1062096022,26,30,22,28
1062096031,29,26,30,23
1062096041,30,17,27,26
1062096052,26,30,28,26
1062096062,14,24,29,25
1062096071,29,26,29,17
1062096081,28,16,28,25
1062096092,27,27,24,26
1062096101,22,26,31,21
1062103012,4,17,22,21
1062103022,29,20,20,20
1062103031,16,23,24,14
1062103041,30,26,25,29
1062103052,30,26,26,15
1062103062,25,15,29,20
1062103071,18,20,27,20
1062103081,21,24,25,23
1062103092,28,19,29,26
1062103101,27,20,25,20
1062106012,24,20,26,22
1062106022,21,22,15,23
1062106031,22,22,19,20
1062106041,26,22,23,26
1062106052,28,13,22,21
1062106062,24,24,24,26
1062106071,20,21,12,24
1062106081,26,28,22,28
1062106092,20,26,20,24
1062106101,27,24,22,27
1062113012,13,20,24,20
1062113022,21,28,27,19
1062113031,25,21,27,17
1062113041,25,28,29,13
1062113052,25,21,28,20
1062113062,25,30,30,23
1062113071,27,27,23,17
1062113081,26,25,29,21
1062113092,21,29,31,18
1062113101,16,19,19,10
1062116012,15,22,20,19
1062116022,29,29,27,26
1062116031,31,27,24,30
1062116041,25,24,21,25
1062116052,31,28,29,21
1062116062,29,29,30,26
1062116071,13,27,28,19
1062116081,15,27,26,28
1062116092,23,28,27,17
1062116101,16,30,23,14
1071283012,20,18,30,16
1071283022,27,24,29,14
1071283031,8,15,28,13
1071283041,29,18,25,9
1071283052,21,26,32,27
1071283062,29,22,22,22
1071283071,31,27,31,29
1071283081,22,19,29,23
1071283092,27,22,30,24
1071283101,30,19,28,24
1071286012,13,26,22,15
1071286022,26,25,22,21
1071286031,15,23,26,28
1071286041,11,24,29,7
1071286052,27,17,23,24
1071286062,20,26,28,12
1071286071,19,19,21,5
1071286081,20,27,30,18
1071286092,31,17,22,24
1071286101,18,18,16,12
1071293012,19,22,19,26
1071293022,27,21,21,19
1071293031,20,24,17,19
1071293041,28,20,23,22
1071293052,18,26,17,19
1071293062,26,13,17,14
1071293071,30,27,32,21
1071293081,16,21,14,16
1071293092,11,16,16,18
1071293101,7,15,9,11
1071296012,16,21,15,24
1071296022,15,22,14,28
1071296031,29,24,19,23
1071296041,15,18,23,5
1071296052,28,19,19,28
1071296062,26,23,31,19
1071296071,17,19,20,17
1071296081,21,29,16,21
1071296092,22,29,12,25
1071296101,20,13,13,10
1072353012,12,19,30,18
1072353022,26,15,23,16
1072353031,19,16,14,16
1072353041,13,12,11,14
1072353052,25,27,28,26
1072353062,21,16,26,12
1072353071,17,14,27,19
1072353081,13,23,28,17
1072353092,28,22,27,24
1072353101,18,16,23,16
1072356012,9,18,8,16
1072356022,18,13,14,14
1072356031,24,29,24,24
1072356041,12,17,11,19
1072356052,24,26,18,13
1072356062,22,26,29,12
1072356071,13,24,30,18
1072356081,23,18,22,17
1072356092,12,27,13,12
1072356101,27,25,26,25
1072363012,14,21,23,14
1072363022,15,19,28,14
1072363031,20,12,23,15
1072363041,27,18,23,21
1072363052,23,19,17,19
1072363062,20,18,27,16
1072363071,25,27,25,26
1072363081,24,24,22,23
1072363092,30,15,17,16
1072363101,23,26,19,18
1072366012,28,21,18,22
1072366022,28,20,12,25
1072366031,25,18,15,11
1072366041,21,29,21,23
1072366052,24,26,27,27
1072366062,17,18,20,15
1072366071,19,25,22,17
1072366081,17,22,23,12
1072366092,25,20,21,24
1072366101,13,18,12,18
1072393012,19,30,23,31
1072393022,19,31,30,31
1072393031,29,25,26,31
1072393041,30,31,28,31
1072393052,16,24,27,31
1072393062,25,26,24,31
1072393071,27,31,27,31
1072393081,28,31,29,31
1072393092,30,31,21,31
1072393101,23,30,25,31
1072396012,29,20,24,19
1072396022,27,29,12,12
1072396031,25,21,32,22
1072396041,27,31,27,28
1072396052,24,25,22,27
1072396062,26,29,20,23
1072396071,29,29,22,22
1072396081,28,30,15,21
1072396092,28,25,17,27
1072396101,17,28,29,20
1072403012,28,15,19,17
1072403022,23,19,24,19
1072403031,25,30,18,20
1072403041,25,19,27,19
1072403052,13,20,21,9
1072403062,18,27,28,17
1072403071,16,30,27,17
1072403081,13,18,25,17
1072403092,25,24,24,20
1072403101,19,26,28,18
1072406012,27,27,29,25
1072406022,27,28,24,26
1072406031,19,30,31,29
1072406041,20,23,23,24
1072406052,32,22,21,26
1072406062,30,24,31,21
1072406071,27,25,23,20
1072406081,26,27,21,23
1072406092,26,28,23,27
1072406101,29,22,24,10
1081133012,28,24,29,24
1081133022,17,20,21,20
1081133031,15,20,16,16
1081133041,27,23,25,27
1081133052,18,21,22,14
1081133062,25,17,17,20
1081133071,18,16,25,10
1081133081,30,21,21,26
1081133092,29,14,18,22
1081133101,28,24,17,13
1081136012,23,18,24,24
1081136022,19,26,18,20
1081136031,23,24,24,17
1081136041,17,18,19,16
1081136052,19,19,23,16
1081136062,17,19,23,17
1081136071,17,22,20,18
1081136081,23,18,17,18
1081136092,15,19,18,14
1081136101,23,28,23,21
1081503012,14,20,20,25
1081503022,28,22,23,20
1081503031,7,16,10,13
1081503041,15,23,23,21
1081503052,26,9,12,21
1081503062,19,22,25,15
1081503071,27,19,23,24
1081503081,18,17,18,10
1081503092,25,28,27,19
1081503101,12,21,23,16
1081506012,18,23,23,22
1081506022,27,22,22,20
1081506031,6,17,23,14
1081506041,17,23,23,27
1081506052,12,11,13,8
1081506062,21,24,24,15
1081506071,14,16,17,12
1081506081,9,19,17,24
1081506092,31,25,25,28
1081506101,10,20,21,18
1082163012,15,25,17,15
1082163022,30,22,26,26
1082163031,20,27,18,22
1082163041,16,24,25,6
1082163052,28,27,32,21
1082163062,24,19,30,20
1082163071,30,26,29,28
1082163081,11,23,20,25
1082163092,28,26,29,16
1082163101,17,23,29,20
1082166012,23,20,17,15
1082166022,26,32,21,29
1082166031,17,18,24,27
1082166041,29,21,23,30
1082166052,21,23,24,17
1082166062,10,24,29,13
1082166071,14,22,26,9
1082166081,21,17,26,15
1082166092,21,25,23,20
1082166101,17,23,24,16
1082173012,21,21,18,20
1082173022,28,22,19,13
1082173031,26,17,30,22
1082173041,18,22,28,11
1082173052,27,24,26,24
1082173062,27,15,18,16
1082173071,23,19,27,24
1082173081,27,24,28,16
1082173092,19,20,26,12
1082173101,14,25,28,23
1082176012,15,21,16,13
1082176022,26,27,21,24
1082176031,11,21,18,13
1082176041,17,25,19,10
1082176052,21,27,22,21
1082176062,25,19,21,14
1082176071,9,20,20,19
1082176081,13,24,17,24
1082176092,22,21,19,26
1082176101,14,10,20,12
1082203012,27,23,21,24
1082203022,24,23,24,26
1082203031,12,25,25,26
1082203041,21,19,28,22
1082203052,28,16,27,21
1082203062,22,30,31,25
1082203071,22,28,19,22
1082203081,14,21,22,22
1082203092,7,21,25,19
1082203101,22,29,27,28
1082206012,22,25,21,21
1082206022,17,24,22,19
1082206031,25,24,23,15
1082206041,24,24,25,25
1082206052,28,17,20,25
1082206062,22,23,29,22
1082206071,17,22,28,15
1082206081,23,25,25,18
1082206092,28,13,15,24
1082206101,18,22,25,23
1082243012,21,17,20,24
1082243022,30,23,26,28
1082243031,28,22,23,20
1082243041,24,27,30,24
1082243052,26,23,26,26
1082243062,27,5,27,23
1082243071,30,20,23,29
1082243081,24,19,18,22
1082243092,29,19,29,20
1082243101,22,27,30,16
1082246012,23,23,22,19
1082246022,21,23,25,19
1082246031,26,16,16,19
1082246041,25,21,21,19
1082246052,21,17,18,22
1082246062,26,21,18,26
1082246071,28,29,24,17
1082246081,24,25,22,24
1082246092,28,27,27,23
1082246101,27,15,16,17
1091213012,30,29,29,30
1091213022,27,24,25,26
1091213031,28,28,25,28
1091213041,27,21,21,26
1091213052,26,29,20,31
1091213062,15,25,24,23
1091213071,31,28,26,30
1091213081,22,20,21,23
1091213092,20,21,25,28
1091213101,23,20,19,23
1091216012,19,25,26,29
1091216022,22,21,24,26
1091216031,22,23,24,24
1091216041,30,26,27,29
1091216052,28,27,27,29
1091216062,29,29,30,30
1091216071,31,29,29,31
1091216081,24,28,27,17
1091216092,29,24,24,29
1091216101,13,21,22,22
1091253012,7,26,28,20
1091253022,22,20,19,21
1091253031,22,19,16,24
1091253041,22,14,15,19
1091253052,16,23,25,7
1091253062,16,29,20,10
1091253071,18,29,24,10
1091253081,14,16,15,11
1091253092,29,21,22,28
1091253101,14,17,17,7
1091256012,12,18,24,8
1091256022,25,24,24,20
1091256031,17,14,23,9
1091256041,22,24,24,15
1091256052,20,20,17,19
1091256062,22,30,28,28
1091256071,26,26,25,27
1091256081,21,19,24,20
1091256092,25,29,27,25
1091256101,9,26,30,16
1092303012,22,22,22,24
1092303022,25,28,26,28
1092303031,14,25,18,21
1092303041,25,20,19,21
1092303052,27,30,24,27
1092303062,25,24,23,26
1092303071,12,20,23,23
1092303081,26,12,13,15
1092303092,24,31,25,24
1092303101,18,24,25,27
1092306012,18,23,21,26
1092306022,21,32,29,21
1092306031,28,30,27,25
1092306041,15,26,18,26
1092306052,26,22,24,14
1092306062,20,30,30,26
1092306071,20,23,19,18
1092306081,27,29,27,20
1092306092,17,24,16,28
1092306101,22,22,24,11
1092373012,23,28,25,28
1092373022,18,25,20,29
1092373031,22,21,20,28
1092373041,14,27,24,20
1092373052,15,23,27,30
1092373062,19,22,24,21
1092373071,6,14,17,21
1092373081,15,20,25,24
1092373092,20,25,26,25
1092373101,27.5,22,25,27
1092376012,29,28,29,29
1092376022,30,8,9,21
1092376031,26,23,27,17
1092376041,22,25,28,5
1092376052,28,22,19,27
1092376062,28,21,28,29
1092376071,24,25,21,20
1092376081,25,25,26,22
1092376092,29,23,16,22
1092376101,24,23,24,13
1092433012,17,20,22,11
1092433022,15,24,20,21
1092433031,17,14,26,8
1092433041,9,22,24,11
1092433052,26,17,25,28
1092433062,27,23,22,22
1092433071,17,25,26,16
1092433081,13,27,15,14
1092433092,16,21,20,13
1092433101,20,27,28,22
1092436012,9,28,24,11
1092436022,18,26,26,12
1092436031,20,30,31,14
1092436041,15,24,21,7
1092436052,28,26,26,8
1092436062,26,26,24,6
1092436071,23,24,23,18
1092436081,19,20,24,8
1092436092,17,21,21,15
1092436101,29,17,21,12
1101413012,23,21,27,27
1101413022,18,21,27,20
1101413031,28,18,28,29
1101413041,25,28,24,26
1101413052,19,21,30,22
1101413062,30,19,22,29
1101413071,21,26,30,29
1101413081,27,29,25,27
1101413092,28,26,21,22
1101413101,17,26,26,25
1101416012,32,25,28,27
1101416022,29,25,19,21
1101416031,27,23,29,12
1101416041,14,17,14,12
1101416052,25,14,28,16
1101416062,25,25,28,13
1101416071,20,19,12,20
1101416081,30,29,29,11
1101416092,16,15,20,17
1101416101,22,22,32,20
1101443012,28,23,28,29
1101443022,24,25,22,27
1101443031,20,23,24,27
1101443041,11,19,21,17
1101443052,27,19,20,29
1101443062,19,21,29,21
1101443071,19,23,16,27
1101443081,24,14,23,13
1101443092,8,27,22,16
1101443101,25,21,21,30
1101446012,25,17,22,17
1101446022,29,25,24,18
1101446031,20,27,27,13
1101446041,21,25,30,24
1101446052,17,22,15,7
1101446062,16,21,19,22
1101446071,13,20,22,9
1101446081,13,23,18,12
1101446092,18,22,20,20
1101446101,30,20,28,24
1102313012,10,27,23,29
1102313022,25,17,6,22
1102313031,22,23,24,29
1102313041,24,22,22,17
1102313052,18,28.5,12,26
1102313062,21,17,14,27
1102313071,21,26,27,18
1102313081,16,21,24,24
1102313092,24,24,25,20
1102313101,14,24,18,19
1102316012,19,24,29,18
1102316022,26,27,28,20
1102316031,24,19.5,31,24
1102316041,24,23,23,30
1102316052,23,21,20,19
1102316062,28,25,20,18
1102316071,26,26,26,26
1102316081,25,31,7,27
1102316092,12,23,23,18
1102316101,19,30,28,26
1102323012,17,18,24,21
1102323022,18,23,26,25
1102323031,26,16,20,17
1102323041,11,26,29,23
1102323052,25,27,20,21
1102323062,21,28,21,24
1102323071,29,31,28,30
1102323081,22,29,28,27
1102323092,20,17,17,22
1102323101,26,29,22,27
1102326012,24,21,20,24
1102326022,27,23,17,14
1102326031,16,28,24,21
1102326041,21,24,19,28
1102326052,17,25,27,28
1102326062,21,25,16,29
1102326071,14,23,22,30
1102326081,11,23,27,9
1102326092,6,24,26,20
1102326101,10,24,28,20
1102453012,12,24,28,32
1102453022,21,26,15,23
1102453031,11,28,23,22
1102453041,15,23,20,16
1102453052,11,22,24,25
1102453062,21,23,21,17
1102453071,14,17,26,15
1102453081,24,17,28,32
1102453092,20,26,15,14
1102453101,29,22,24,14
1102456012,14,28,21,26
1102456022,12,24,25,22
1102456031,26,16,19,23
1102456041,26,26,26,19
1102456052,13,19,16,18
1102456062,22,23,23,27
1102456071,17,24,28,15
1102456081,13,18,27,20
1102456092,5,24,21,22
1102456101,13,22,19,13
2011013012,27,25,24,27
2011013022,23.5,22,26,21
2011013031,11,21.5,16,13
2011013041,27,30,29,28
2011013052,22,24,26,25
2011013062,23,25,29,25
2011013071,23,30,28,30
2011013081,10.5,16,28,25
2011013092,22,26,29,24
2011013101,23,23.5,25.5,20
2011016012,31,26,25,23
2011016022,19,31,29,25
2011016031,12,24,24,26
2011016041,31,23,26,24
2011016052,30,21,23,17
2011016062,23,29,31,24
2011016071,31,32,32,17
2011016081,23,22,25,28
2011016092,27,25,24,25
2011016101,21,21,27,16
2011023012,17,29,29,26
2011023022,26,19,24,22
2011023031,18,17.5,25.5,7
2011023041,15,27,26,8
2011023052,12.5,21,29,7
2011023062,28,24,29,27
2011023071,29,19,22,15
2011023081,23,22,23,6
2011023092,15,19,27,6
2011023101,26,20,24.5,13
2011026012,30,25,23,27
2011026022,26,28,29,30
2011026031,20,22,22,21
2011026041,17,22,28,22
2011026052,20,20,23,16
2011026062,19,24,26,26
2011026071,9,24,27,15
2011026081,5,9,15,11
2011026092,20,24,19,18
2011026101,8,17,18,14
2011033012,24,24,24,28
2011033022,28,23.5,22,24
2011033031,13.5,21,21,19
2011033041,27,24,23.5,25
2011033052,30,20,29,27
2011033062,30,24,30,30.5
2011033071,10,27,25,20
2011033081,18.5,12,24,18
2011033092,28,26,25,29
2011033101,27.5,26,25.5,30
2011036012,17,26,25,27
2011036022,14,21,22,17
2011036031,21,22,22,8
2011036041,5,21,22,14
2011036052,26,25,25,29
2011036062,20,21,23,13
2011036071,18,25,27,25
2011036081,22,26,23,21
2011036092,24,27,22,27
2011036101,21,23,24,15
2011043012,6,15,25,3
2011043022,27,26,25,20
2011043031,29,13,17,20
2011043041,12,16,13,13
2011043052,18,19,22,12
2011043062,28,28,28,25
2011043071,22,23,21,22
2011043081,25,24,20,20
2011043092,7,18,27,13
2011043101,28,25,23,16
2011046012,15,21,18,26
2011046022,25,25,25,25
2011046031,24.5,11,9,12
2011046041,26,21,21,30
2011046052,28,21,19,27
2011046062,21,21,27,25
2011046071,23,28,29,29
2011046081,16,31,31,29
2011046092,22,23,21,27
2011046101,16,16,22,16
2011053012,30,27,29,28
2011053022,27,23,27,24
2011053031,7,22,26,24
2011053041,13,21.5,21,19
2011053052,23,22,22,19
2011053062,29,24,22,23
2011053071,20,23.5,24,17
2011053081,18,15,21,22
2011053092,23,19,24,23
2011053101,13,24,21,19
2011056012,23,20,29,27
2011056022,26,21,24,27
2011056031,17,21,21.5,29
2011056041,18,23,25,29
2011056052,20,19,19,20
2011056062,25,19,27,20
2011056071,28,30,25,27
2011056081,16,20,22,16
2011056092,27,23,19,12
2011056101,25,21,24,26
2011063012,28,25,29,14
2011063022,29,28,29,24
2011063031,31,28,22,24
2011063041,30,16,26.5,15
2011063052,30,25,28,20
2011063062,29,25,31,21
2011063071,22,21,27.5,14
2011063081,28.5,22,27.5,20
2011063092,11,14,28,14
2011063101,25,19,27,16
2011066012,23,24,22.5,18
2011066022,19,19,23,13
2011066031,26,14,17,11
2011066041,13,24,25,12
2011066052,21,26,29,22
2011066062,20,27,27,17
2011066071,23,23,20,15
2011066081,9,17,22,12
2011066092,23,17,21,20
2011066101,18,23,31,22
2011073012,19,19,29,28
2011073022,24,15,12,27
2011073031,16,24,26,14
2011073041,29,22,23,27
2011073052,18,16,23,13
2011073062,15,21,20,21
2011073071,22,23,27,18
2011073081,20,20,14,15
2011073092,15,25,22,19
2011073101,23,26,16,21
2011076012,29,28,30,31
2011076022,18,23,24,19
2011076031,19,14,17,16
2011076041,20,24,28,14
2011076052,26,18,20,26
2011076062,28,24,25,20
2011076071,21,19,24,17
2011076081,24,23,23,21
2011076092,20,18,19,18
2011076101,8,18,19,8
2011083012,26,30,29,28
2011083022,27,24,29,19
2011083031,21,28,23,21
2011083041,14,17,18,17
2011083052,23,26,31,25
2011083062,27,19,22.5,18
2011083071,28,25,27,20
2011083081,26,22,26,21
2011083092,28,23,28,22
2011083101,28,21,22,21
2011086012,17,29,30,28
2011086022,28,21,19,20
2011086031,29,27,28,31
2011086041,16,25,31,24
2011086052,26,26,17,28
2011086062,11,16,17,14
2011086071,27,15,13,21
2011086081,7,22,27,12
2011086092,15,23,24,11
2011086101,28,16,23,32
2011093012,26,26,27,24
2011093022,22,25,25,23
2011093031,23,30,29,24
2011093041,15,23,22,25
2011093052,10,26,26,15
2011093062,29,19,21,21
2011093071,13,15,14,13
2011093081,11,21,25,13
2011093092,9,24,30,21
2011093101,20,29,21,20
2011096012,16,20,17,20
2011096022,20,21,24,25
2011096031,16,21,22,18
2011096041,25,23,23,22
2011096052,28,24,22,12
2011096062,25,27,25.5,22
2011096071,23,25,24,22
2011096081,8,13,17,13
2011096092,16,26,21,14
2011096101,11,21,21,12
2011103012,20,30,18,28
2011103022,30,18,23,28.5
2011103031,9,22,22,13
2011103041,7,18,12,12
2011103052,29,24,28,29
2011103062,26,20,29,27
2011103071,10,21,27,20
2011103081,16,18,12,21
2011103092,22,20,26,26
2011103101,19,19,19,22
2011106012,32,28,26,29
2011106022,18,22,19,19
2011106031,8,17,8,6
2011106041,19,20,16,20
2011106052,27,23,31,24
2011106062,28,21,15,19
2011106071,22,25,21,26
2011106081,28,25,25,28
2011106092,18,10,17,12
2011106101,18,18,23,19
2011113012,17,22,26,21.5
2011113022,26,20,24,23
2011113031,29,23,24,23
2011113041,28,27,27,22
2011113052,14,22,25,20
2011113062,18,22,28,13
2011113071,23,25,28,12
2011113081,24,24,28,19
2011113092,31,22,30,23
2011113101,11.5,22,27,11
2011116012,21,31,27.5,26
2011116022,19.5,26,27,31
2011116031,28,28,20,30
2011116041,17,22,20,18
2011116052,23,22,29,17
2011116062,22,24,24,15
2011116071,25,22,28,19
2011116081,15,20,24,17
2011116092,21,15,15,16.5
2011116101,22,26,21,14
2011123012,26,22,23,24
2011123022,23,22,18,23
2011123031,26,23,25,28
2011123041,16,24,25,17
2011123052,27,19,18,20
2011123062,28,21,27,18
2011123071,25,20,22,20
2011123081,30,20,27,28
2011123092,26,27,27,26
2011123101,17,18,28,21
2011126012,10,13,19,15
2011126022,27,30,25,21
2011126031,24,28,25,26
2011126041,22,25,22,20
2011126052,26,26,21,27
2011126062,27,27,26,22
2011126071,15,25,24,24
2011126081,28,25,22,20
2011126092,24,22,28,23
2011126101,15,18,20,13
2011133012,29,29,28,30
2011133022,27,31,29,31
2011133031,19,12,11,22
2011133041,26,14,14,25
2011133052,13,13,15,12
2011133062,28,24,17,19
2011133071,17,20,20,9
2011133081,11,22,21,18
2011133092,20,14,19,7
2011133101,28,27,20,20
2011136012,28,25,22,17
2011136022,22,23,26,19
2011136031,13,21,28,16
2011136041,31,28,26,23
2011136052,30,27,26,14
2011136062,25,16,12,12
2011136071,16,15,19,14
2011136081,28,18,21,19
2011136092,28,27,29,23
2011136101,24,23,21,21
2011143012,15.5,28,26,30
2011143022,11,17,14,14
2011143031,23,21,22,30
2011143041,21,19,24,13
2011143052,10,19,25,24
2011143062,10,22,24,29
2011143071,27,27,29,28
2011143081,15,24,14,22
2011143092,12,28,24,25
2011143101,5,21,21,27
2011146012,26,25,22,30
2011146022,28,23.5,21,21
2011146031,18,19,27,25
2011146041,25,28,25,25
2011146052,7,24,24,22
2011146062,13,30,30,19
2011146071,15,24.5,27,18
2011146081,4,17,17,10
2011146092,16,24,26,13
2011146101,20,21,24,29
2011153012,24,25,30,23
2011153022,25,27,30,29
2011153031,9,12,23,22
2011153041,22,21,27,27
2011153052,22,16,26,29
2011153062,24,20,26,15
2011153071,18,24,26,23
2011153081,26,18.5,26,24
2011153092,31,29,27,30
2011153101,24,19.5,30,25
2011156012,14,14,13.5,23
2011156022,16.5,16,21,21
2011156031,31,24,30,19
2011156041,4,11,29.5,13
2011156052,30,24,24,22
2011156062,14,22,24,26
2011156071,8,21,24,19
2011156081,22,16,19.5,18
2011156092,20,29,30,25
2011156101,11,21.5,31,12
2011163012,21,26,27,27
2011163022,24,17,25,22
2011163031,9,21,22,23
2011163041,9,30,28,22
2011163052,22,25,19,20
2011163062,18,25.5,25,23
2011163071,13,23,26,23
2011163081,20,23,20,25
2011163092,12,18,23,13
2011163101,25,21,22,21
2011166012,17,12,11,11
2011166022,6,14,17,9
2011166031,16,15,28,15
2011166041,22,21,31,20
2011166052,15,27,26,20
2011166062,21,20,20,20
2011166071,26,25,25,24
2011166081,28,20,21,20
2011166092,20,27,30,22
2011166101,27,21,23,23
2011173012,10,21,23,17
2011173022,25,24,26,9
2011173031,15,15,27,12
2011173041,14,26,21,20
2011173052,21,22,25,18
2011173062,30,24,26,20
2011173071,27,17,24,14
2011173081,30,18,28,23
2011173092,19,17,29,13.5
2011173101,16,25,27,19
2011176012,28,27,26,26
2011176022,23,22,23,19
2011176031,26,22,30,15
2011176041,9,24,23,22
2011176052,29,22,30,24
2011176062,30,21,27,19
2011176071,17,20,24,22
2011176081,21,22,25,15
2011176092,22,15,17,19
2011176101,22,22,25,24
2011183012,6,20.5,24,12
2011183022,9.5,17.5,16,20
2011183031,18,22,27,15
2011183041,28,24,27,25
2011183052,28,25,27,13
2011183062,23,27,27,24
2011183071,11,18,24.5,18
2011183081,28,23,27,24
2011183092,16,23,27,4
2011183101,19,19,27.5,17
2011186012,24,24,26,27
2011186022,26,22,23,27
2011186031,32,29,27,24
2011186041,25,27,26,29
2011186052,26,29,27,15
2011186062,28,28,27,26
2011186071,23,14,24,11
2011186081,9,28,28,11
2011186092,13,21,20,26
2011186101,26,27,27,23
2011203012,25,23,30,23
2011203022,23,21,31,23
2011203031,31,24,28.5,13
2011203041,12,23,22,17
2011203052,28,11,24,21
2011203062,25,22,31,13
2011203071,21.5,21,31,9
2011203081,14,30,29.5,11
2011203092,30,23,31,26
2011203101,13,21,27.5,13
2011206012,20,16,22,24
2011206022,16,17,18,14
2011206031,20,21,27,10
2011206041,22,12,21,16
2011206052,21,23,23,22
2011206062,17,21,24,15
2011206071,18,20,28,11
2011206081,29,23,25,8
2011206092,19,26,26,19
2011206101,19,25,24,18
2011263012,17.5,22,22.5,20
2011263022,15.5,27,27,21
2011263031,7,22,19,20
2011263041,22,15,15,25
2011263052,29,27,23,23
2011263062,8,18,21,13
2011263071,17,25,23,27
2011263081,17,23,24,28
2011263092,12,17,28,18.5
2011263101,21,12,26,16
2011266012,25,26,27,28
2011266022,20,26,26,23
2011266031,17,25,19,18
2011266041,29,17,16,18
2011266052,29,13,22,26
2011266062,21,30,27,20
2011266071,26,27,28,22
2011266081,15,16,17,20
2011266092,21,24,24,29
2011266101,15,22,24,16
2011273012,4.5,12,15,13
2011273022,23,26.5,12.5,19
2011273031,10.5,28,28,19
2011273041,17,23,24,16
2011273052,17,16,22,12
2011273062,20,31,7.5,25
2011273071,28.5,24,29,27
2011273081,27.5,27,24,28
2011273092,29,28,20,23
2011273101,17,19,24,17
2011276012,5,28,26,23
2011276022,26,19,21,24
2011276031,16,20,27,17
2011276041,27,16,24,16
2011276052,22,16,27,15
2011276062,10,21,24,25
2011276071,25,19,19,22
2011276081,21,21,18,24
2011276092,20,27,27,26
2011276101,20,19,15,18
2011283012,22,20,28,22
2011283022,26,18.5,30,19
2011283031,23.5,23,29,28
2011283041,28,25,27,22
2011283052,20,25,30,25
2011283062,28,23,27,26
2011283071,27,20,30,25
2011283081,29.5,23,30.5,23
2011283092,29,22,26,22
2011283101,19,21,20,24
2011286012,18,26,28,23
2011286022,28,26,23,23
2011286031,30,29,27,26
2011286041,25,26,29,29
2011286052,15,22.5,17,18
2011286062,20,19,24,23
2011286071,17,16,14,14
2011286081,18,21,21,18
2011286092,19,24,25,27
2011286101,21,27,27,26
2011293012,6,22,28,26
2011293022,26,24,27,28
2011293031,27,20,19,26
2011293041,21,23,27,28
2011293052,26,27,20,19
2011293062,24,20,25,24
2011293071,24,27,19,29
2011293081,19,18,16,23
2011293092,28,16,21,25
2011293101,19,21,25,22
2011296012,22.5,7.5,29,19
2011296022,25,23,29,25
2011296031,4,17,19,19
2011296041,29.5,23,25,30
2011296052,25,15,23,7
2011296062,28,16,20,20
2011296071,15,15,21,11
2011296081,8,21,20,14
2011296092,27,22,27,26
2011296101,17,19,25,14
2011303012,17,22.5,25.5,10
2011303022,23,21,30,12
2011303031,14,9,16,16
2011303041,14,17,16,14
2011303052,24,22,31,21
2011303062,31,31,22.5,11
2011303071,14,24,28.5,13
2011303081,20,20,30,16
2011303092,30,11,29,30
2011303101,25.5,20,31,22
2011306012,21,17,19,26
2011306022,26,32,30,28
2011306031,23,21,21,27
2011306041,20,23,27,26
2011306052,24,26,26,23
2011306062,26,29,27,22
2011306071,19,16,24,27
2011306081,27,21,20,11
2011306092,14,15,20,16
2011306101,26,23,24,22
2011363012,28,28,28,30
2011363022,26,21,23,19
2011363031,31,26,28,26
2011363041,17,19,18,21
2011363052,16,18,23,18
2011363062,22,22,26,23
2011363071,22,23,28,20
2011363081,21.5,17,13,16
2011363092,29,30,31,30
2011363101,11,18,27,11
2011366012,19,24,24,17.5
2011366022,24,23,23,22
2011366031,13,19,19,12
2011366041,13,17,17,14
2011366052,23,20,21,27
2011366062,17,24,23,21
2011366071,18,24,24,25
2011366081,23,22,24,18
2011366092,23,21,23,22
2011366101,27,21,20,27
2011373012,26,19,27,17
2011373022,29,25,30,20
2011373031,25,27,27,26
2011373041,20,22,27,25
2011373052,29,21,21,23
2011373062,26,22,26,15
2011373071,27,14,19,18
2011373081,19,21,25,18
2011373092,29,21,28,20
2011373101,22,9,23,23
2011376012,23,22,18,17
2011376022,26,18,22,20
2011376031,25,29,28,28
2011376041,28,19,20,18
2011376052,21,20,20,19
2011376062,22,20,24,19
2011376071,28,25,28,24
2011376081,19,18,23,18
2011376092,20,19,20,20
2011376101,9,14,24,7
2011383012,20,17,30,14
2011383022,30,20,26,21
2011383031,28,18,31,18
2011383041,21,26,27,9
2011383052,15,20,23,14
2011383062,20,28,25,8
2011383071,8,14,28,13
2011383081,31,24,29,29
2011383092,30,29,22,23
2011383101,24,26,23,23
2011386012,23,23,21,9
2011386022,24,26,28,25
2011386031,20,17,22,8
2011386041,30,27,26,25
2011386052,14,22,25,21
2011386062,20,10,19,25
2011386071,29,27,25,31
2011386081,26,23,26,19
2011386092,29,20,20,15
2011386101,21,16,18,14
2011393012,28,24,28,18
2011393022,27,22,17.5,11
2011393031,28,21,26,20
2011393041,24,23,25,19
2011393052,21,20,20,19
2011393062,15,24.5,26.5,18
2011393071,18,16,30,19
2011393081,18,29,29,19
2011393092,25,26,26,21
2011393101,27,22,27,17
2011396012,25,22,25,22
2011396022,18,14,19,25
2011396031,21,19,24,24
2011396041,18,25,18,23
2011396052,27,28,23,28
2011396062,21,21,22,29
2011396071,17,20,19,12
2011396081,22,18,20,24
2011396092,10,15,21,26
2011396101,22,23,19,24
2011403012,18,26,31,18
2011403022,13,19,18,6
2011403031,16,23,27,15
2011403041,12,22,26,21
2011403052,14.5,20,19,18
2011403062,26,27,23,17
2011403071,12,20,24,16
2011403081,20,24,25,21
2011403092,24,24,22,25
2011403101,27,28,24,24
2011406012,31,17,21,19
2011406022,30,24,21,27
2011406031,18,22,19,28
2011406041,24,24,26,24
2011406052,9,12,19,15
2011406062,23,27,29,27
2011406071,27,22,26,23
2011406081,14,21,21,17
2011406092,25,26,28,25
2011406101,18,6,19,15
2011463012,30,27,28,26
2011463022,26,29,29,23
2011463031,23,18,27,17
2011463041,19,21,30,11
2011463052,28,25,29,29
2011463062,31,22,25,22
2011463071,22,28,18,13
2011463081,25,10,21,14
2011463092,29,24,27,21
2011463101,21.5,29,31,22
2011466012,21,24,22,21
2011466022,19,19,30,20
2011466031,24,18,20.5,18
2011466041,28,23,25,24
2011466052,28,19,30,18
2011466062,27,24,27,22
2011466071,27,29,23.5,17
2011466081,24.5,21,20,24
2011466092,19,27,29,16
2011466101,15,23,20,18.5
2011473012,30,23,29,16
2011473022,28,27,28.5,16
2011473031,15,21,25,11
2011473041,17.5,22,28,20
2011473052,19,28,28,18
2011473062,26,28,30,26
2011473071,8,19,24,7.5
2011473081,17,20,26,12
2011473092,24,18.5,29,20
2011473101,17,18,29,14
2011476012,27,24,28,21
2011476022,23,8,14,11
2011476031,26,29,21,19
2011476041,21,17,22,18
2011476052,28,28,29,21
2011476062,16,22,22,17
2011476071,19,22,19,13
2011476081,13,23,23,30
2011476092,18,22,22,21
2011476101,27,23,19,21
2011483012,23,20,19,18.5
2011483022,22,21,18,19.5
2011483031,18,19,20,27
2011483041,21.5,13,28,17.5
2011483052,19,14.5,17,18
2011483062,15,17,24,17.5
2011483071,29,17,16.5,17
2011483081,23,19,17,17
2011483092,24,24,24,22
2011483101,17,11,20.5,9
2011486012,11,21,20,14
2011486022,28,21,26,28
2011486031,19,31,31,24
2011486041,31,27,27,30
2011486052,22,22,26,24
2011486062,22,24,25,28
2011486071,20,22,24,28
2011486081,28,21,22,21
2011486092,24,15,20,17
2011486101,18,23,23,21
2011493012,21,16,27.5,24
2011493022,16,20,26,22
2011493031,21,10,24,21
2011493041,26,19,22,26
2011493052,23,18,24,24
2011493062,26,27,27,29
2011493071,24,23,27.5,23
2011493081,19,22,23,31
2011493092,26,21,20,26
2011493101,20,21,23,26
2011496012,15,24,27,27.5
2011496022,27,19,25,20
2011496031,18,14,18,14
2011496041,16,15.5,24,13
2011496052,25,16,24,12.5
2011496062,26,21.5,18.5,20
2011496071,29,21,24.5,11
2011496081,17,23,20,9
2011496092,21,28,28,24
2011496101,22,20,24,13.5
2011503012,28,27,25,26
2011503022,24.5,24,30,28
2011503031,22,26,29,21
2011503041,21,28,25,24
2011503052,28,27,30,24
2011503062,18,21,24,23
2011503071,11,10,15,16
2011503081,7,17,26,7
2011503092,18,23,26,23
2011503101,12,19,22,16
2011506012,24,23,29,29
2011506022,13,17,26,18
2011506031,31,28,28,26
2011506041,5,22,18,8
2011506052,27,23,27,26
2011506062,18,30,25,16
2011506071,9,10,29,9
2011506081,30,24,28,29
2011506092,22,19,19,21
2011506101,29,19,21,28
2021193012,19,30,29,22
2021193022,27,24,29,27
2021193031,25,22,29,24
2021193041,26,24,29,28
2021193052,27.5,30,29,26
2021193062,11,22,26,19
2021193071,21,28,25,28
2021193081,27,20,24,21
2021193092,25,23,30,25
2021193101,14,16,18,15
2021196012,29,26,27,27
2021196022,26,24,23,25
2021196031,24,25,26,26
2021196041,20,23,26,27
2021196052,18,12,17,18
2021196062,14,25,23,25
2021196071,23,26,24.5,24
2021196081,17,17,18,17
2021196092,13,17,22,18
2021196101,23,28,29,24
2032313012,28,22,29,27
2032313022,32,29,28,21
2032313031,15,17,26,22
2032313041,25,18,29,29
2032313052,32,21,32,24
2032313062,30,28,31,21
2032313071,17,24,26,15
2032313081,12,19,28,8
2032313092,21,27,25,14
2032313101,11,19,29,8
2032316012,16,17,19,14
2032316022,23,20,20,28
2032316031,13,17,24,26
2032316041,29,28,25,29
2032316052,26,26,27,27
2032316062,30,27,26,27
2032316071,25,26,23,29
2032316081,23,22,21,24
2032316092,14,22,23,20
2032316101,20,29,28,20
2032323012,20,19,17,19
2032323022,26,29,21,27
2032323031,21,28,27,24
2032323041,18,17,24,27
2032323052,26,21,18,20
2032323062,29,29,25,28
2032323071,18,19,23,28
2032323081,26,23,25,25
2032323092,26,27,31,28
2032323101,22,29,19,30
2032326012,23,27,25,27
2032326022,30,29,29,17.5
2032326031,3,28,29,28
2032326041,17,27,26,26
2032326052,24,23,24,19
2032326062,23,26,27,30
2032326071,7,28.5,31,27
2032326081,24,22,18,10
2032326092,24,24,22,25
2032326101,22,29,25,25
2032333012,29,23,29,17
2032333022,23,17,30,24
2032333031,22,22,30,22
2032333041,28,31,31,29
2032333052,24,22,28,23
2032333062,27,26,29,18
2032333071,7,21,26,14
2032333081,6,22,24,15
2032333092,25,31,30,19
2032333101,11,18,28,14
2032336012,15,19,21,16
2032336022,13,22,21,15
2032336031,25,21,27,21
2032336041,23,22,20,21
2032336052,29,27,30,16
2032336062,26,27,27,16
2032336071,27,19,24,31
2032336081,28,29,27,28
2032336092,21,19,16,11
2032336101,20,26,24,24
2032343012,25,27,20,26
2032343022,23,24,27,20
2032343031,17,15,22,19
2032343041,28,25,22,25
2032343052,27,26,23,28
2032343062,25,17,24,18
2032343071,10,29,26,18
2032343081,10,19,25,28
2032343092,28,29,18,20
2032343101,28,27,29,30
2032346012,25,18,25,21
2032346022,25,18,29,16
2032346031,24,19,20,15
2032346041,23,27,27,12
2032346052,19,31,32,20
2032346062,31,15,27,23
2032346071,24,28,31,19
2032346081,31,27,30,28
2032346092,24,32,29,30
2032346101,29,16,23,12
2032353012,27,28,29,22
2032353022,27,30,26,14
2032353031,20,27,31,18
2032353041,31,23,29,28
2032353052,19,26,29,14
2032353062,28,26,26,24
2032353071,27,24,22,25
2032353081,13,28,21,14
2032353092,25,23,30,18
2032353101,23,29,28,29
2032356012,21,29,22,10
2032356022,20,26,26,25
2032356031,20,25,29,27
2032356041,25,25,25,28
2032356052,29,26,25,31
2032356062,21,20,19,5
2032356071,22,23,23,28
2032356081,29,28,29,29
2032356092,28,29,30,27
2032356101,27,25,28,25
2042413012,29,28,29,23
2042413022,27,20,28,28
2042413031,29,29,28,29.5
2042413041,28,29,25,26
2042413052,30,22,25,23
2042413062,25,22.5,21.5,26.5
2042413071,28,28,26,17.5
2042413081,29,25,30,24
2042413092,20,25,26,24.5
2042413101,29,26,25,26
2042416012,27,26,25,17
2042416022,26,25,24,20
2042416031,29,28,28,18
2042416041,27,29,30,20
2042416052,24,23,22,20
2042416062,10,9.5,25,15
2042416071,30,17,22,16
2042416081,24,28,22,16
2042416092,26,26,26,22
2042416101,22,25,26,21
2042423012,23,28,29,28
2042423022,29,30,27,27
2042423031,28,29,29,30
2042423041,26,27,31,23
2042423052,31,24,24,27
2042423062,24,29,24,30
2042423071,11,29,25,28
2042423081,27,20,27,27
2042423092,27,30,28,30
2042423101,27,32,30,30
2042426012,29,19,31,17
2042426022,31,30,31,15
2042426031,31,24,28,16
2042426041,30,28,30,13
2042426052,31,18,31,22
2042426062,31,25,31,21
2042426071,28,27,29,22
2042426081,31,31,31,20
2042426092,30,31,31,20
2042426101,31,31,29,16
2042433012,23,29,30,21
2042433022,21,24,24,26
2042433031,26,25,16.5,18
2042433041,26,29,26,25
2042433052,31,19,29,20
2042433062,12,25,30,16
2042433071,20,15,25,20
2042433081,25,22,28,27
2042433092,26,31,23,13
2042433101,29,16,27,18
2042436012,31,25,27,26
2042436022,31,26,25,20
2042436031,30,29,29,26
2042436041,31,26,30,30
2042436052,31,27,27,29
2042436062,28,31,31,31
2042436071,32,24,32,24
2042436081,30,31,30,28
2042436092,26,30,31,20
2042436101,31,30,30,26
2042443012,24,20,24,26
2042443022,25,21,24,21
2042443031,25,30,27,25
2042443041,31,29,29,28
2042443052,21,26,27,20
2042443062,25,23,24,26
2042443071,28,27,29,27
2042443081,27,23,22,25
2042443092,20,26,29,19
2042443101,25,23,29,26
2042446012,24,23,24,10
2042446022,23,24,31,22
2042446031,28,24,24,27
2042446041,19,26,21,23
2042446052,30,30,29,26
2042446062,30,27,31,26
2042446071,28,24,24,24
2042446081,25,28,26,17
2042446092,31,24,24,27
2042446101,29,26,28,21
2042453012,29,25,25,28
2042453022,24,24,28,27
2042453031,28,21,28,29
2042453041,23,18,27,29
2042453052,23,22,25,29
2042453062,22,19,19,27
2042453071,16,22,23,27
2042453081,28,29,29,28
2042453092,21,26,26,27
2042453101,24,23,26,30
2042456012,19,27,28,25
2042456022,26,22,27,23
2042456031,23,22,23,27
2042456041,28,24,26,22
2042456052,29,25,24,31
2042456062,29,20,24,30
2042456071,30,27,30,27
2042456081,25,29,26,22
2042456092,29,26,29,29
2042456101,27,25,24,28
2052213012,15,22,22,21
2052213022,25,29,30,30
2052213031,8,19,18,19
2052213041,21,28,29,25
2052213052,21,11,27,24
2052213062,30,24,27,29
2052213071,15,17,16,21
2052213081,15,24,25,27
2052213092,28,14,28,25
2052213101,23,25,19,23
2052216012,25,26,21,27
2052216022,28,26,25,28
2052216031,27,26,29,29
2052216041,26,25,20,28
2052216052,22,24,27,26
2052216062,30,22,19,24
2052216071,20,26,24,24
2052216081,27,25,21,21
2052216092,17,29,28,25
2052216101,17,16,13,24
2052223012,24,30,28,27
2052223022,26,28,19,30
2052223031,7,29,15,17
2052223041,16,27,23,15
2052223052,21,24,23,24
2052223062,18,27,20,28
2052223071,15,9,15,11
2052223081,9,24,23,8
2052223092,14,27,25,25
2052223101,27,22,21,21
2052226012,26,26,27,31
2052226022,24,25,28,29
2052226031,30,31,22,31
2052226041,22,25,26,28
2052226052,12,21,25,28
2052226062,27,28,30,25
2052226071,18,24,30,27
2052226081,11.5,28,26,29
2052226092,28,25,29,30
2052226101,15,24,29,23
2052233012,21,20,20,27
2052233022,27,25,29,25
2052233031,16,25,20,19
2052233041,10,24,23,12
2052233052,26,25,27,30
2052233062,20,21,27,26
2052233071,23,16,19,15
2052233081,25,27,23,28
2052233092,26,27,28,16
2052233101,22,25,28,29
2052236012,17,31,30,17
2052236022,16,23,19,10
2052236031,28,28,29,28
2052236041,12,9,18,15
2052236052,21,22,20,20
2052236062,19,19,27,20
2052236071,15,17,29,20
2052236081,31,28,26,26
2052236092,15,23,22,15
2052236101,29,28,26,20
2052243012,30,28,24,23
2052243022,15,26,25,18
2052243031,19,27,26,13
2052243041,15,16,26,17
2052243052,30,31,30,24
2052243062,24,21,22,28
2052243071,26,26,21,9
2052243081,10,15,20,14
2052243092,26,32,28,24
2052243101,19,27,29,26
2052246012,24,19,22,22
2052246022,21,23,28,21
2052246031,21,23,20,11
2052246041,28,23,28,17
2052246052,19,17,20,15
2052246062,23,28,19,9
2052246071,24,24,27,18
2052246081,27,25,25,17
2052246092,20,23,18,10
2052246101,15,27,21,7
2052253012,16,27,22,30
2052253022,29,23,30,31
2052253031,28,29,21,31
2052253041,15,18,27,25
2052253052,28,24,22,25
2052253062,26,29,25,28
2052253071,16,21,17,23
2052253081,12,30,28,29
2052253092,26,25,23,28
2052253101,14,25,18,18
2052256012,32,31,31,29
2052256022,26,13,19,27
2052256031,29,27,28,25
2052256041,21,30,29,30
2052256052,25,17,23,31
2052256062,22,25,25,26
2052256071,30,22,22,31
2052256081,28,31,27,30
2052256092,8,31,32,28
2052256101,30,31,30,29
3011013012,24,25,29,25
3011013022,20,27,26,12
3011013031,22,27,26,22
3011013041,15,15,14,16
3011013052,9,18,17,27
3011013062,14,14,23,29
3011013071,16,15,28,15
3011013081,20,15,19,9
3011013092,22,18,23,13
3011013101,12,17,15,14
3011016012,14,21,23,11
3011016022,20,19,19,19
3011016031,21,16,22,21
3011016041,14,22,21,19
3011016052,19,15,21,18
3011016062,23,20,18,28
3011016071,15,22,30,21
3011016081,24,15,22,25
3011016092,25,18,19,27
3011016101,17,22,16,18
3011023012,22,22,27,15
3011023022,30,26,20,27
3011023031,25,30,29,17
3011023041,25,31,27,26
3011023052,22,21,18,13
3011023062,17,14,17,11
3011023071,30,16,28,17
3011023081,20,29,28,14
3011023092,24,16,17,23
3011023101,20,23,27,23
3011026012,13,26,24,11
3011026022,20,13,11,23
3011026031,22,25,26,25
3011026041,24,25,24,23
3011026052,18,25,24,21
3011026062,20,23,24,11
3011026071,15,26,26,21
3011026081,16,17,16,23
3011026092,17,20,22,22
3011026101,25,12,20,20
3011063012,24,18,19,20
3011063022,24,18,17,13
3011063031,24,12,19,26
3011063041,19,12,16,19
3011063052,20,18,21,29
3011063062,23,13,17,22
3011063071,18,31,21,26
3011063081,21,28,23,18
3011063092,22,22,21,14
3011063101,23,24,15,29
3011066012,18,30,30,21
3011066022,21,30,26,18
3011066031,14,19,19,23
3011066041,22,31,30,19
3011066052,10,24,20,16
3011066062,28,24,23,23
3011066071,12,25,26,17
3011066081,24,16,19,24
3011066092,12,18,22,16
3011066101,28,20,22,14
3011193012,16,21,20,31
3011193022,21,22,21,26
3011193031,19,25,25,15
3011193041,24,23,23,25
3011193052,22,21,25,15
3011193062,25,24,25,16
3011193071,25,22,21,21
3011193081,29,25,26,10
3011193092,23,26,25,23
3011193101,26,22,21,16
3011196012,20,21,22,29
3011196022,17,19,23,26
3011196031,13,24,26,29
3011196041,18,18,21,27
3011196052,20,22,18,27
3011196062,26,22,11,23
3011196071,25,22,17,21
3011196081,32,17,23,21
3011196092,23,17,20,23
3011196101,24,25,21,24
3011283012,16,21,12,17
3011283022,25,26,20,28
3011283031,5,11,25,8
3011283041,10,20,9,12
3011283052,29,11,8,28
3011283062,18,14,4,11
3011283071,13,14,18,12
3011283081,4,14,14,16
3011283092,30,22,20,29
3011283101,26,19,24,31
3011286012,16,31,29,25
3011286022,26,16,19,24.5
3011286031,13,15,20,15
3011286041,5,18,15,15
3011286052,14,24,22,19
3011286062,13,20,23,12
3011286071,18,15,14,14
3011286081,22,20,22,29
3011286092,27,25,24,27
3011286101,23,22,23,21
3012293012,25,18,27,18
3012293022,23,20,24,22
3012293031,27,20,26,23
3012293041,11,21,17,20
3012293052,15,11,10,22
3012293062,14,26,20,21
3012293071,16,19,14,17
3012293081,25,24,26,18
3012293092,25,19,13,22
3012293101,18,20,19,21
3012296012,24,29,25,27
3012296022,24,28,20,21
3012296031,22,12,15,15
3012296041,22,23,19,25
3012296052,24,31,30,24
3012296062,29,28,25,21
3012296071,19,18,23,24
3012296081,28,16,16,23
3012296092,16,20,19,23
3012296101,28,20,22,22
3012443012,19,12,26,21
3012443022,21,25,19,19
3012443031,22,28,26,24
3012443041,23,19,14,20
3012443052,24,26,21,25
3012443062,18,16,25,30
3012443071,22,26,25,15
3012443081,21,28,25,29
3012443092,26,21,24,18
3012443101,27,22,27,25
3012446012,12,16,19,25
3012446022,13,26,24,27
3012446031,24,25,25,26
3012446041,28,29,17,26
3012446052,19,24,23,21
3012446062,25,25,29,26
3012446071,25,21,30,27
3012446081,16,16,25,24
3012446092,26,25,28,27
3012446101,16,28,24,22
3012453012,23,27,26,17
3012453022,29,20,27,21
3012453031,28,16,28,14
3012453041,26,26,25,21
3012453052,22,27,22,14
3012453062,19,25,26,9
3012453071,12,19,20,11
3012453081,24,13,18,9
3012453092,23,21,18,26
3012453101,23,24,19,23
3012456012,23,29,20,19
3012456022,18,21,19,25
3012456031,20,23,20,28
3012456041,25,21,15,28
3012456052,18,26,27,24
3012456062,27,21,23,24
3012456071,12,28,29,22
3012456081,19,22,23,22
3012456092,17,18,17,24
3012456101,18,17,14,17
3021303012,10,29,23,26
3021303022,21,25,22,15
3021303031,24,25,25,22
3021303041,21,24,20,17
3021303052,12,26,16,27
3021303062,23,15,16,12
3021303071,30,18,26,14
3021303081,24,20,26,14
3021303092,26,25,26,16
3021303101,16,17,13,13
3021306012,28,6,12,17
3021306022,22,20,29,26
3021306031,24,8,28,15
3021306041,27,25,18,26
3021306052,29,21,15,25
3021306062,29,21,23,28
3021306071,22,25,21,26
3021306081,13,16,22,22
3021306092,14,29,19,28
3021306101,7,27,20,28
3021313012,21,24,20,25
3021313022,15,24,10,27
3021313031,23,27,20,24
3021313041,12,19,19,19
3021313052,22,21,15,15
3021313062,18,23,21,31
3021313071,14,19,20,12
3021313081,25,26,28,26
3021313092,15,18,17,19
3021313101,27,26,16,14
3021316012,21,17,16,25
3021316022,28,17,26,27
3021316031,17,17,18,19
3021316041,15,20,22,12
3021316052,24,19,25,22
3021316062,20,28,26,22
3021316071,16,23,24,5
3021316081,16,16,22,27
3021316092,25,22,24,30
3021316101,28,30,26,27
3021393012,15,22,15,24
3021393022,26,17,26,15
3021393031,7,21,10,14
3021393041,24,25,21,16
3021393052,21,28,29,23
3021393062,25,23,25,23
3021393071,22,24,25,26
3021393081,9,18,21,15
3021393092,26,24,24,18
3021393101,18,26,21,18
3021396012,9,18,23,19
3021396022,25,22,22,17
3021396031,15,20,20,15
3021396041,25,25,28,26
3021396052,24,26,26,21
3021396062,20,25,23,17
3021396071,14,28,31,16
3021396081,13,22,24,17
3021396092,21,23,26,15
3021396101,29,24,23,19
3031133012,3,26,24,23
3031133022,24,25,25,25
3031133031,29,25,27,26
3031133041,13,26,24,26
3031133052,17,17,14,18
3031133062,8,15,28,15
3031133071,21,22,13,13
3031133081,21,15,15,14
3031133092,14,20,29,24
3031133101,20,25,22,26
3031136012,18,23,25,22
3031136022,23,17,15,23
3031136031,22,25,26,15
3031136041,27,21,25,11
3031136052,26,24,24,22
3031136062,15,19,22,6
3031136071,23,23,27,15
3031136081,24,15,23,18
3031136092,16,15,19,17
3031136101,24,19,23,29
3031243012,25,14,22,20
3031243022,24,12,25,13
3031243031,13,12,24,16
3031243041,22,29,28,25
3031243052,29,18,18,24
3031243062,28,20,30,26
3031243071,5,18,20,12
3031243081,16,24,29,23
3031243092,23,16,23,19
3031243101,16,19,27,15
3031246012,23,16,25,18
3031246022,23,26,20,22
3031246031,28,19,28,25
3031246041,21,19,26,21
3031246052,18,14,17,22
3031246062,14,17,17,19
3031246071,25,23,29,20
3031246081,17,6,23,14
3031246092,12,22,26,23
3031246101,20,29,21,26
3031353012,15,23,30,25
3031353022,16,21,22,24
3031353031,23,25,24,27
3031353041,24,6,30,26
3031353052,21,24,10,25
3031353062,24,23,26,21
3031353071,28,21,27,23
3031353081,25,22,21,26
3031353092,29,25,24,26
3031353101,27,17,31,28
3031356012,16,26,27,27
3031356022,14,20,22,19
3031356031,23,21,18,23
3031356041,18,16,22,14
3031356052,20,23,21,24
3031356062,26,23,26,26
3031356071,17,17,23,16
3031356081,27,19,18,19
3031356092,21,14,27,20
3031356101,24,28,23,27
3041143012,31,19,31,28
3041143022,17,21,19,28
3041143031,17,19,19,15
3041143041,18,24,14,14
3041143052,22,26,11,18
3041143062,21,17,27,27
3041143071,21,18,20,29
3041143081,12,28,21,25
3041143092,18,20,15,24
3041143101,14,15,28,26
3041146012,23,17,15,14
3041146022,27,27,29,27
3041146031,14,28,27,24
3041146041,22,24,18,15
3041146052,18,16,11,24
3041146062,25,22,18,26
3041146071,19,16,24,18
3041146081,26,28,23,23
3041146092,15,19,27,30
3041146101,26,17,28,21
3041253012,20,24,23,29
3041253022,30,25,23,23
3041253031,23,26,22,25
3041253041,23,23,23,20
3041253052,20,27,19,24
3041253062,18,19,23,23
3041253071,26,26,22,21
3041253081,15,23,15,17
3041253092,26,24,11,25
3041253101,25,26,24,29
3041256012,23,17,22,23
3041256022,23,25,23,23
3041256031,27,23,22,27
3041256041,10,19,19,7
3041256052,21,25,23,25
3041256062,22,27,25,17
3041256071,16,22,24,29
3041256081,23,20,24,25
3041256092,30,24,28,17
3041256101,27,21,31,25
3042363012,23,26,30,21
3042363022,16,23,27,17
3042363031,23,12,28,19
3042363041,19,22,18,21
3042363052,23,26,29,28
3042363062,21,20,24,17
3042363071,21,15,16,14
3042363081,30,26,30,24
3042363092,26,24,26,27
3042363101,31,23,25,16
3042366012,23,15,28,12
3042366022,24,27,26,10
3042366031,27,21,25,5
3042366041,26,7,21,5
3042366052,26,14,28,11
3042366062,19,18,22,5
3042366071,16,24,26,9
3042366081,25,14,26,10
3042366092,23,26,28,9
3042366101,22,17,24,16
3051083012,14,17,23,18
3051083022,28,26,27,23
3051083031,26,24,23,12
3051083041,8,20,19,17
3051083052,22,21,25,18
3051083062,12,11,19,11
3051083071,8,22,29,14
3051083081,30,19,23,11
3051083092,19,17,24,13
3051083101,18,17,14,22
3051086012,25,27,32,23
3051086022,29,24,26,25
3051086031,29,31,29,18
3051086041,24,22,23,21
3051086052,20,14,32,27
3051086062,27,23,29,26
3051086071,29,24,30,26
3051086081,28,20,23,28
3051086092,29,22,23,26
3051086101,21,27,28,20
3051333012,10,20,19,21
3051333022,23,17,27,22
3051333031,24,19,23,18
3051333041,24,20,28,14
3051333052,23,22,22,20
3051333062,25,22,28,26
3051333071,7,24,24,20
3051333081,26,20,20,29
3051333092,28,20,18,26
3051333101,18,23,22,9
3051336012,22,25,28,20
3051336022,17,20,26,22
3051336031,22,21,20,21
3051336041,16,18,19,19
3051336052,19,28,27,24
3051336062,28,28,26,18
3051336071,20,24,12,20
3051336081,17,18,25,10
3051336092,28,24,22,19
3051336101,29,26,29,28
3051423012,12,25,17,13
3051423022,18,29,22,21
3051423031,25,25,19,23
3051423041,14,14,24,13
3051423052,30,21,22,23
3051423062,22,14,15,23
3051423071,30,18,19,20
3051423081,19,19,29,30
3051423092,28,29,26,16
3051423101,17,17,24,19
3051426012,15,27,24,21
3051426022,19,23,27,11
3051426031,29,19,23,19
3051426041,23,21,23,22
3051426052,19,17,19,23
3051426062,13,17,25,20
3051426071,10,27,28,11
3051426081,15,22,28,12
3051426092,11,23,14,23
3051426101,16,20,22,23
3062483012,23,18,20,22
3062483022,21,23,20,23
3062483031,19,18,25,25
3062483041,21,20,22,22
3062483052,27,22,27,26
3062483062,20,22,28,26
3062483071,18,20,25,15
3062483081,21,22,21,26
3062483092,8,20,27,28
3062483101,21,22,22,21
3062486012,27,25,25,17
3062486022,29,22,30,17
3062486031,14,31,25,13
3062486041,30,28,30,25
3062486052,20,20,28,26
3062486062,27,28,26,26
3062486071,25,19,25,18
3062486081,21,31,30,7
3062486092,17,28,26,25
3062486101,30,30,28,7
3062493012,24,25,21,17
3062493022,22,28,20,23
3062493031,26,24,28,24
3062493041,20,14,22,19
3062493052,12,28,24,29
3062493062,18,19,16,22
3062493071,23,15,20,13
3062493081,18,29,13,16
3062493092,14,22,22,25
3062493101,18,17,16,19
3062496012,23,27,30,12
3062496022,30,31,26,27
3062496031,17,28,26,23
3062496041,17,26,24,24
3062496052,13,20,20,21
3062496062,21,23,29,18
3062496071,24,19,22,19
3062496081,18,18,18,17
3062496092,15,27,24,13
3062496101,31,32,32,28
3062503012,19,11,28,22
3062503022,18,19,23,21
3062503031,12,9,25,12
3062503041,19,20,17,16
3062503052,30,30,30,23
3062503062,23,18,23,26
3062503071,28,10,26,18
3062503081,15,22,19,25
3062503092,25,20,18,13
3062503101,23.5,16,21,15
3062506012,15,21,19,19
3062506022,28,27,14,27
3062506031,29,24,20,27
3062506041,19,22,28,9
3062506052,17,25,22,21
3062506062,19,26,27,8
3062506071,16,7,31,27
3062506081,28,23,23,27
3062506092,19,27,23,26
3062506101,11,8,21,18
3071233012,10,23,16,24
3071233022,24,11,23,9
3071233031,18,28,19,11
3071233041,12,24,25,18
3071233052,22,23,16,17
3071233062,27,22,21,19
3071233071,19,19,16,8
3071233081,20,24,23,13
3071233092,23,23,24,19
3071233101,7,24,23,10
3071236012,30,32,32,24
3071236022,24,26,26,18
3071236031,27,22,22,17
3071236041,24,21,27,19
3071236052,24,27,25,12
3071236062,20,27,26,26
3071236071,17,20,29,30
3071236081,16,15,26,27
3071236092,19,25,29,27
3071236101,27,26,25,29
3071463012,16,20,23,14
3071463022,2,26,25,23
3071463031,23,22,18,17
3071463041,22,25,27,14
3071463052,21,19,15,13
3071463062,20,18,18,20
3071463071,12,20,26,23
3071463081,22,15,25,26
3071463092,26,24,8,7
3071463101,23,17,22,21.5
3071466012,20,23,26,24
3071466022,25,22,24,28
3071466031,21,25,30,25
3071466041,20,19,21,23
3071466052,28,25,28,26
3071466062,30,21,20,28
3071466071,25,28,29,16
3071466081,18,22,22,26
3071466092,29,26,25,26
3071466101,11,15,13,20
3072473012,23,22,22,15
3072473022,20,23,21,22
3072473031,20,19,29,28
3072473041,18,27,17,14
3072473052,24,25,19,12
3072473062,22,23,21,12
3072473071,17,29,26,18
3072473081,29,20,24,14
3072473092,24,13,23,25
3072473101,24,19,23,28
3072476012,24,22,23,17
3072476022,29,27,22,15
3072476031,25,26,25,24
3072476041,23,27,27,26
3072476052,21,23,23,21
3072476062,24,25,26,21
3072476071,30,26,30,21
3072476081,30,26,27,23
3072476092,18,28,29,17
3072476101,27,13,12,15
3081073012,17,24,16,23
3081073022,26,23,16,28
3081073031,21,17,28,13
3081073041,20,24,27,23
3081073052,19,25,21,29
3081073062,20,16,24,25
3081073071,28,21,28,26
3081073081,30,26,28,30
3081073092,23,22,25,23
3081073101,27,25,25,28
3081076012,17,26,22,26
3081076022,23,21,21,20
3081076031,20,25,25,26
3081076041,28,30,27,28
3081076052,8,21,20,17
3081076062,10,23,20,13
3081076071,21,19,19,23
3081076081,23,25,19,19
3081076092,24,22,28,30
3081076101,18,18,23,15
3081223012,8,24,17,25
3081223022,29,25,26,21
3081223031,28,23,26,19
3081223041,25,23,26,18
3081223052,27,20,25,29
3081223062,26,21,31,30
3081223071,16,17,13,16
3081223081,21,21,9,30
3081223092,27,27,30,23
3081223101,17,15,20,13
3081226012,18,28,19,30
3081226022,25,30,27,16
3081226031,26,25,25,26
3081226041,22,18,15,27
3081226052,22,21,26,29
3081226062,11,23,24,12
3081226071,23,26,21,19
3081226081,23,21,24,15
3081226092,22,14,16,15
3081226101,19,19,20,15
3081273012,28,25,24,23
3081273022,21,22,21,17
3081273031,13,19,20,12
3081273041,14,20,27,15
3081273052,28,22,22,10
3081273062,18,22,28,23
3081273071,22,18,19,23
3081273081,13,19,20,15
3081273092,25,23,13,23
3081273101,16,20,19,19
3081276012,21,23,20,22
3081276022,25,28,24,29
3081276031,28,23,22,27
3081276041,15,28,19,18
3081276052,20,26,18,20
3081276062,19,24,19,23
3081276071,21,27,16,27
3081276081,20,23,19,23
3081276092,21,26,26,27
3081276101,22,27,15,26
3081323012,17,21,23,25
3081323022,20,26,21,19
3081323031,30,27,27,28
3081323041,25,22,29,18
3081323052,25,29,25,23
3081323062,14,19,15,27
3081323071,6,19,18,13
3081323081,25,25,21,24
3081323092,24,26,25,31
3081323101,24,14,24,25
3081326012,22,25,14,21
3081326022,21,27,23,27
3081326031,23,27,26,15
3081326041,25,16,21,21
3081326052,22,21,19,17
3081326062,22,24,17,24
3081326071,29,22,17,21
3081326081,15,23,29,18
3081326092,12,20,15,21
3081326101,24,22,21,28
3081403012,25,26,30,28
3081403022,19,23,28,20
3081403031,24,30,25,24
3081403041,32,26,29,20
3081403052,27,21,28,26
3081403062,19,23,22,27
3081403071,27,24,25,22
3081403081,23,21,22,26
3081403092,23,26,21,25
3081403101,14,20,19,20
3081406012,24,28,22,29
3081406022,22,21,23,23
3081406031,27,21,26,20
3081406041,7,19,27,17
3081406052,22,25,20,25
3081406062,22,23,23,26
3081406071,21,24,19,25
3081406081,20,27,21,24
3081406092,15,21,13,18
3081406101,23,22,24,22
3081413012,26,27,24,27
3081413022,23,20,30,26
3081413031,20,17,18,25
3081413041,21,24,15,26
3081413052,7,24,25,19
3081413062,25,25,20,26
3081413071,18,17,14,17
3081413081,20,28,19,24
3081413092,30,25,26,26
3081413101,26,22,19,23
3081416012,26,26,22,16
3081416022,22,23,27,18
3081416031,6,18,19,7
3081416041,15,18,24,21
3081416052,24,27,23,21
3081416062,24,28,23,28
3081416071,22,18,14,17
3081416081,18,23,25,12
3081416092,26,27,26,13
3081416101,18,24,24,21
3091153012,25,26,23,28
3091153022,29,28,23,16
3091153031,25,17,27,17
3091153041,28,18,28,20
3091153052,28,23,30,22
3091153062,30,13,27,15
3091153071,29,18,23,21
3091153081,21,19,18,14
3091153092,24,17,17,20
3091153101,24,17,12,22
3091156012,19,21,32,27
3091156022,9,22,32,18
3091156031,24,29,25,13
3091156041,26,14,24,16
3091156052,28,14,28,19
3091156062,28,29,15,18
3091156071,11,13,9,20
3091156081,29,25,27,17
3091156092,23,23,25,24
3091156101,8,21,18,12
3092163012,18,30,24,10
3092163022,16,22,16,14
3092163031,16,22,14,17
3092163041,19,28,26,29
3092163052,19,24,23,16
3092163062,21,13,22,23
3092163071,15,19,26,14
3092163081,18,21,21,12
3092163092,16,13,23,19
3092163101,18,28,24,26
3092166012,20,28,30,22
3092166022,23,25,29,24
3092166031,18.5,24,30,29
3092166041,22,27,26,27
3092166052,22,20,20,20
3092166062,22,25,22,19
3092166071,21,28,28,27
3092166081,21,30,26,27
3092166092,24,27,29,23
3092166101,29,27,28,27
3092263012,23,26,29,17
3092263022,29,27,27,29
3092263031,19,20,23,30
3092263041,32,26,29,27
3092263052,28,29,29,18
3092263062,19,29,27,22
3092263071,28,15,30,23
3092263081,17,26,23,22
3092263092,27,30,26,26
3092263101,23,20,24,26
3092266012,30,28,23,32
3092266022,32,26,31,32
3092266031,30,26,31,32
3092266041,30,25,32,32
3092266052,28,24,31,29
3092266062,30,22,22,32
3092266071,28,21,31,30
3092266081,32,20,32,31
3092266092,31,30,30,29
3092266101,11,26,30,32
3092373012,13,15,29,16
3092373022,20,21,16,18
3092373031,23,22,22,10
3092373041,22,24,15,29
3092373052,19,22,25,24
3092373062,19,22,23,16
3092373071,24,23,15,6
3092373081,20,16,14,14
3092373092,21,29,22,18
3092373101,25,28,17,26
3092376012,27,19,7,12
3092376022,26,25,16,19.5
3092376031,29,20,20,26
3092376041,21,17,19,22
3092376052,17,25,18,20
3092376062,23,27,21,17
3092376071,19,14,29,15
3092376081,26,30,29,23
3092376092,26,23,27,26
3092376101,26,21,26,11
3092383012,25,23,24,14
3092383022,12,28,23,13
3092383031,28,23,25,20
3092383041,23,31,21,19
3092383052,24,27,23,16
3092383062,25,22,26,16
3092383071,24,23,28,18
3092383081,27,28,27,21
3092383092,22,16,25,22
3092383101,19,20,27,20
3092386012,28,27,27,18
3092386022,27,12,25,18
3092386031,29,27,29,15
3092386041,32,23,28,16
3092386052,26,27,26,18
3092386062,23,24,27,14
3092386071,29,26,31,18
3092386081,23,30,31,15
3092386092,25,28,28,17
3092386101,26,23,28,16
3092433012,28,26,21,27
3092433022,27,30,23,30
3092433031,24,27,13,30
3092433041,27,17,15,21
3092433052,18,25,22,29
3092433062,17,21,19,25
3092433071,17,23,27,26
3092433081,28,26,27,31
3092433092,30,22,26,29
3092433101,18,19,24,26
3092436012,29,20,32,27
3092436022,28,19,25,25
3092436031,19,24,19,26
3092436041,23,23,27,26
3092436052,27,20,21,18
3092436062,23,23,28,23
3092436071,21,28,28,25
3092436081,26,16,16,28
3092436092,30,14,25,26
3092436101,32,29,16,28
3102043012,21,23,31,18
3102043022,29,13,25,22
3102043031,16,22,30,25
3102043041,21,31,31,21
3102043052,28,22,29,29
3102043062,28,25,30,21
3102043071,30,22,28,23
3102043081,11,12,32,12
3102043092,28,19,25,26
3102043101,22,24,25,17
3102046012,22,29,29,29
3102046022,29,20,19,25
3102046031,27,27,26,30
3102046041,19,13,19,17
3102046052,22,16,26,23
3102046062,20,20,23,27
3102046071,12,21,17,13
3102046081,24,11,24,23
3102046092,20,30,28,32
3102046101,24,22,21,26
3102053012,25,25,25,24
3102053022,21,13,21,18
3102053031,30,18,30,20
3102053041,26,17,20,21
3102053052,21,22,24,19
3102053062,12,17,17,14
3102053071,22,24,22,19
3102053081,7,21,19,18
3102053092,16,14,27,15
3102053101,28,29,24,16
3102056012,20,21,15,15
3102056022,24,21,21,27
3102056031,23,26,18,9
3102056041,18,15,26,26
3102056052,23,11,27,22
3102056062,19,30,15,8
3102056071,23,27,26,28
3102056081,27,18,18,26
3102056092,17,20,31,29
3102056101,14,12,18,15
3102173012,16,30,31,20
3102173022,30,30,29,28
3102173031,27,23,24,29
3102173041,22,24,23,15
3102173052,29,26,27,26
3102173062,27,27,27,29
3102173071,20,17,24,22
3102173081,29,27,18,14
3102173092,30,25,31,27
3102173101,27,18,20,26
3102176012,29,19,16,22
3102176022,24,28,30,29
3102176031,24,23,20,28
3102176041,13,25,25,25
3102176052,30,18,25,22
3102176062,26,25,27,22
3102176071,27,23,31,29
3102176081,19,16,14,20
3102176092,18,24,30,18
3102176101,23,25,28,26
3102183012,15,25,31,22
3102183022,19,26,25,27
3102183031,13,25,26,20
3102183041,15,28,26,21
3102183052,21,27,27,24
3102183062,28,29,28,23
3102183071,9,15,26,22
3102183081,13,19,21,18
3102183092,26,23,23,22
3102183101,31,23,30,21
3102186012,19,27,28,18
3102186022,31,24,26,25
3102186031,19,15,22,15
3102186041,12,14,30,20
3102186052,25,25,27,25
3102186062,30,18,27,27
3102186071,28,22,18,16
3102186081,14,19,25,16
3102186092,22,16,29,19
3102186101,26,28,26,21
3102203012,15,29,26,18
3102203022,25,18,25,26
3102203031,24,20,20,15
3102203041,21,20,19,19
3102203052,13,28,16,18
3102203062,21,20,28,21
3102203071,25,22,26,19
3102203081,21,26,21,15
3102203092,27,21,12,20
3102203101,20,18,19,17
3102206012,27,28,17,23
3102206022,18,16,18,23
3102206031,27,25,26,22
3102206041,13,18,24,15
3102206052,27,29,28,21
3102206062,26,30,28,14
3102206071,17,27,26,26
3102206081,21,28,31,11
3102206092,22,23,25,13
3102206101,7,25,21,10
3102213012,26,21,25,27
3102213022,28,23,23,25
3102213031,14,26,22,26
3102213041,15,24,26,19
3102213052,24,26,24,24
3102213062,19,31,26,23
3102213071,22,20,24,27
3102213081,24,25,20,29
3102213092,29,27,15,27
3102213101,19,18,21,14
3102216012,26,30,29,23
3102216022,23,13,20,28
3102216031,22,24,29,22
3102216041,15,19,21,16
3102216052,17,25,27,16
3102216062,23,24,20,28
3102216071,15,19,17,10
3102216081,15,23,23,7
3102216092,25,17,12,25
3102216101,28,25,21,12
3112033012,21,13,20,21
3112033022,12,19,29,21
3112033031,15,24,32,15
3112033041,25,22,24,17
3112033052,24,29,23,24
3112033062,27,27,24,25
3112033071,16,28,31,28
3112033081,18,13,15,26
3112033092,22,28,21,17
3112033101,27,24,23,30
3112036012,19,25,24,19
3112036022,27,14,16,18
3112036031,19,26,21,15
3112036041,23,26,23,22
3112036052,25,27,23,22
3112036062,23,26,18,23
3112036071,15,26,29,27
3112036081,26,30,20,24
3112036092,13,23,21,24
3112036101,25,23,16,27
3112093012,26,16,21,25
3112093022,24,18,23,19
3112093031,25,15,21,12
3112093041,15,13,26,12
3112093052,25,13,25,26
3112093062,13,16,23,9
3112093071,18,18,14,25
3112093081,22,28,29,24
3112093092,18,16,23,9
3112093101,24,16,25,17
3112096012,22,23,31,21
3112096022,23,22,24,21
3112096031,12,25,27,14
3112096041,24,14,29,22
3112096052,25,24,25,21
3112096062,10,25,30,26
3112096071,25,28,29,25
3112096081,29,24,23,14
3112096092,10,23,29,18
3112096101,26,27,21,24
3112103012,14,26,30,25
3112103022,19,25,24,27
3112103031,18,26,25,24
3112103041,11,17,27,13
3112103052,20,22,21,24
3112103062,22,21,23,27
3112103071,14,25,21,20
3112103081,25,26,22,31
3112103092,23,16,17,26
3112103101,27,23,13,27
3112106012,16,27,26,28
3112106022,27,25,18,26
3112106031,14,24,21,24
3112106041,31,14,19,22
3112106052,27,21,17,19
3112106062,23,21,31,19
3112106071,17,29,26,24
3112106081,16,25,24,20
3112106092,24,14,14,15
3112106101,17,20,15,19
3112113012,27,27,28,26
3112113022,22,27,27,23
3112113031,17,28,24,17
3112113041,24,23,24,30
3112113052,22,28,25,25
3112113062,17,23,16,24
3112113071,24,28,22,23
3112113081,22,28,23,26
3112113092,27,23,21,12
3112113101,26,21,25,14
3112116012,29,28,28,25
3112116022,31,24,31,20
3112116031,30,22,30,27
3112116041,30,26,30,26
3112116052,30,25,32,26
3112116062,31,26,31,20
3112116071,29,18,29,23
3112116081,30,29,29,25
3112116092,30,27,32,16
3112116101,28,29,30,23
3112123012,22,27,21,22
3112123022,16,28,27,29
3112123031,13,20,20,21
3112123041,10,23,16,23
3112123052,27,24,23,25
3112123062,18,24,27,26
3112123071,7,28,22,22
3112123081,7,20,24,20
3112123092,25,15,23,25
3112123101,21,21,14,23
3112126012,22,11,12,25
3112126022,3,14,24,14
3112126031,29,23,27,11
3112126041,19,19,16,23
3112126052,23,19,18,21
3112126062,21,12,15,18
3112126071,23,18,14,19
3112126081,24,25,29,21
3112126092,24,25,25,23
3112126101,27,27,28,21
3112343012,30,28,14,25
3112343022,30,30,30,28
3112343031,24,25,27,29
3112343041,29,27,26,30
3112343052,19,27,24,24
3112343062,26,29,15,23
3112343071,25,27,32,29
3112343081,23,30,26,24
3112343092,21,22,5,26
3112343101,23,29,30,25
3112346012,26,28,26,27
3112346022,22,27,24,30
3112346031,27,23,16,20
3112346041,29,23,28,26
3112346052,28,23,19,18
3112346062,13,23,13,18
3112346071,30,32,30,32
3112346081,16,17,15,16
3112346092,25,15,20,24
3112346101,26,27,18,22
4011013012,22,10,15,5
4011013022,31,27,22,22
4011013031,18,19,25,13
4011013041,17,27,28,6
4011013052,16,21,16,9
4011013062,23,21,27,13
4011013071,4,21,21,11
4011013081,28,18,27,12
4011013092,21,22,17,18
4011013101,29,20,23,21
4011016012,15,20,21,19
4011016022,16,21,15,17
4011016031,27,21,30,31
4011016041,26,25,23,26
4011016052,16,23,12,20.5
4011016062,28,16,19,20
4011016071,31,24,29,28
4011016081,22,19,30,21
4011016092,9,22,22,14
4011016101,14,22,22,23
4011023012,14,24,25,30
4011023022,17,22,16,28
4011023031,15,21,22,21
4011023041,13,25,24,26
4011023052,26,28,29,29
4011023062,29,24,24,29
4011023071,17,29,30,28
4011023081,17,18,21,17
4011023092,25,24,21,28
4011023101,29,20,24,26
4011026012,24,19,20,16
4011026022,23,21,18,18
4011026031,15,31,29,18
4011026041,23,22,21,12
4011026052,23,24,25,23
4011026062,14,20,17,14
4011026071,23,17,14,17
4011026081,25,29,23,15
4011026092,20,20,13,15
4011026101,8,18,20,6
4011033012,14,24,22,19
4011033022,27,26,28,26
4011033031,11,22,19,9
4011033041,23,26,23,22
4011033052,26,30,26,26
4011033062,17,19,19,11
4011033071,32,27,17,31
4011033081,17,26,11,14
4011033092,25,20,28,27
4011033101,27,25,27,19
4011036012,20,19,26,26
4011036022,24,26,23,20
4011036031,23,25,17,20
4011036041,31,21,25,28
4011036052,29,27,24,27
4011036062,23,12,23,17
4011036071,24,25,27,12
4011036081,22,24,24,17
4011036092,25,20,22,16
4011036101,22,22,22,29
4021043012,15,17,22,11
4021043022,27,19,18,16
4021043031,23,22,25,21
4021043041,23,21,26,13
4021043052,7,24,21,13
4021043062,16,20,28,16
4021043071,22,23,22,22
4021043081,14,19,21,14
4021043092,26,23,16,22
4021043101,22,25,26,24
4021046012,22,24,18,22
4021046022,20,21,24,29
4021046031,28,16,23,19
4021046041,30,29,22,27
4021046052,31,20,27,28
4021046062,26,27,26,17
4021046071,23,18,27,25
4021046081,20,25,25,14
4021046092,21,22,26,21
4021046101,20,15,22,11
4021053012,15,26,28,26
4021053022,26,18,19,25
4021053031,18,21,23,20
4021053041,18,14,13,18
4021053052,23,16,14,27
4021053062,16,24,14,21
4021053071,16,16,22,13
4021053081,20,23,17,22
4021053092,13,22,28,17
4021053101,19,24,23,22
4021056012,26,30,30,31
4021056022,21,29,26,24
4021056031,32,27,31,30
4021056041,18,20,20,32
4021056052,31,26,27,32
4021056062,29,13,30,18
4021056071,16,29,27,27
4021056081,31,29,28,28
4021056092,22,30,27,30
4021056101,28,31,30,30
4021063012,25,27,19,23
4021063022,25,19,24,26
4021063031,5,23,24,13
4021063041,29,27,30,31
4021063052,30,24,26,27
4021063062,12,7,30,17
4021063071,17,15,19,14
4021063081,21,30,25,28
4021063092,22,20,19,25
4021063101,20,22,24,23
4021066012,18,22,23,16
4021066022,18,25,24,26
4021066031,23,24,24,27
4021066041,28,29,28,29
4021066052,14.5,27,13,14
4021066062,15,21,17,20
4021066071,28,22,25,15
4021066081,17,24,11,14
4021066092,29,27,26,26
4021066101,10,19,26,15
4031073012,9,26,18,20
4031073022,27,22,22,26
4031073031,18,9,20,13
4031073041,18,16,29,17
4031073052,31,22,28,26
4031073062,29,15,32,25
4031073071,24,20,22,15
4031073081,30,21,28,23
4031073092,31,27,30,17
4031073101,8,18,14,19
4031076012,27,23,27,26
4031076022,27,30,28,27
4031076031,21,23,30,21
4031076041,20,21,25,19
4031076052,29,24,24,15
4031076062,19,14,32,16
4031076071,23,22,20,6
4031076081,18,25,32,30
4031076092,22,26,26,29
4031076101,13,19,19,16
4031083012,14,16,27,23
4031083022,30,28,24,31
4031083031,30,21,29,29
4031083041,28,20,22,30
4031083052,27,27,28,21
4031083062,26,22,29,28
4031083071,26,28,29,26
4031083081,30,24,27,27
4031083092,29,28,25,24
4031083101,21,23,24,30
4031086012,19,24,24,26
4031086022,29,24,30,27
4031086031,23,25,26,20
4031086041,25,24,25,22
4031086052,30,20,29,26
4031086062,25,25,18,30
4031086071,22,17,24,8
4031086081,27,22,23,8
4031086092,30,29,30,27
4031086101,18,20,24,18
4031093012,26,19,23,20
4031093022,8,17,21,15
4031093031,22,22,19.5,22
4031093041,4,13,17,8
4031093052,32,26,30,29
4031093062,23,30,26,26
4031093071,29,28,29,25
4031093081,7,25,22,17
4031093092,31,21,19,20
4031093101,22,23,14,19
4031096012,20,27,15,16
4031096022,13,19,27,21
4031096031,28,18,23,21
4031096041,22,26,23,27
4031096052,24,18,31,23
4031096062,29,28,24,29
4031096071,21,27,25,22
4031096081,22,20,26,7
4031096092,27,24,24,25
4031096101,24,19,30,21
4041103012,14,28,30,29
4041103022,29,22,27,13
4041103031,13,13,19,10
4041103041,16,17,28,24
4041103052,30,24,27,25
4041103062,30,25,26,17
4041103071,19,18,26,27
4041103081,7,21,25,31
4041103092,28,17,30,10
4041103101,28,17,21,17
4041106012,29,19,25,23
4041106022,15,19,19,17
4041106031,27,22,21,25
4041106041,29,25,27,14
4041106052,24,22,22,19
4041106062,29,27,28,29
4041106071,24,29,30,22
4041106081,22,18,18,17
4041106092,24,30,22,27
4041106101,12,12,19,15
4041113012,24,22,27,30
4041113022,29,24,27,30
4041113031,22,22,30,31
4041113041,16,23,26,16
4041113052,22,27,25,15
4041113062,29,20,27,29
4041113071,27,31,25,29
4041113081,12,12,28,6
4041113092,23,21,22,20
4041113101,13,22,21,19
4041116012,19,28,29,16
4041116022,32,28,27,29
4041116031,25,27,27,17
4041116041,28,31,27,18
4041116052,26,18,20,26
4041116062,27,22,23,21
4041116071,31,10,26,9
4041116081,30,26,25,26
4041116092,29,25,28,30
4041116101,30,21,18,28
4041123012,22,19,26,19
4041123022,18,24,29,14
4041123031,11,18,25,26
4041123041,13,16,19,14
4041123052,21,19,24,23
4041123062,20,21,23,19
4041123071,19,19,19,18
4041123081,13,14,7,3
4041123092,2,25,28,18
4041123101,16,12,22,8
4041126012,16,15,11,14
4041126022,24,18,20,16
4041126031,28,24,26,17
4041126041,7,17,17,13
4041126052,26,22,19,21
4041126062,29,28,24,24
4041126071,21,13,23,23
4041126081,29,28,26,23
4041126092,25,15,23,28
4041126101,21,26,23,25
4051133012,30,21,22,14
4051133022,18,24,23,8
4051133031,29,27,25,15
4051133041,24,31,19,27
4051133052,22,20,20,18
4051133062,23,22,22,15
4051133071,16,11,18,11
4051133081,10,17,7,16
4051133092,20,23,23,23
4051133101,15,23,25,14
4051136012,21,28,19,20
4051136022,18,9,11,13
4051136031,14,9,17,19
4051136041,22,22,7,22
4051136052,20,25,19,24
4051136062,15,20,15,20
4051136071,14,30,17,7
4051136081,24,25,19,20
4051136092,18,23,20,23
4051136101,23,25,23,25
4051143012,26,26,12,24
4051143022,25,23,21,23
4051143031,11,21,24,15
4051143041,18,28,23,18
4051143052,22,14,23,18
4051143062,29,20,23,28
4051143071,21,30,30,28
4051143081,14,14,23,25
4051143092,13,23,15,25
4051143101,16,19,19,16
4051146012,21,28,27,20
4051146022,15,11,28,14
4051146031,16,28,16,13
4051146041,11,23,24,20
4051146052,27,17,19,20
4051146062,20,8,26,21
4051146071,20,24,15,11
4051146081,11,20,19,15
4051146092,28,23,18,13
4051146101,16,14,18,14
4051153012,27,25.5,31,31
4051153022,14,14,15,12
4051153031,13,19,17,9
4051153041,9,15,23,7
4051153052,13,21,23,9
4051153062,28,31,27,30
4051153071,7,21,18,4
4051153081,13,29,30,7
4051153092,29,27,29,27
4051153101,27,21,29,26
4051156012,25,14,22,12
4051156022,12,16,32,6
4051156031,23,21,29,15
4051156041,25,16,20,16
4051156052,27,29,24,28
4051156062,26,17,20,25
4051156071,27,18,15,11
4051156081,26,24,16,26
4051156092,22,25,27,26
4051156101,27,16,21,16
4062163012,18,24,26,13
4062163022,21,17,20,5
4062163031,10,29,27,14
4062163041,11,25,24,19
4062163052,22,23,11,9
4062163062,13,26,24,24
4062163071,21,24,27,11
4062163081,25,15,15,7
4062163092,26,28,19,11
4062163101,24,27,24,13
4062166012,19,27,20,20
4062166022,22,24,28,17
4062166031,22,28,19,21
4062166041,19,25,25,23
4062166052,16,28,29,12
4062166062,22,31,29,19
4062166071,19,19,24,21
4062166081,23,20,24,20
4062166092,27,28,25,13
4062166101,20,29,22,28
4062173012,23,31,28,28
4062173022,26,30,24,18
4062173031,29,28,21,14
4062173041,27,19,29,24
4062173052,27,25,25,28
4062173062,14,19,28,16
4062173071,19,19,29,16
4062173081,20,22,27,26
4062173092,14,20,24,17
4062173101,18,31,23,18
4062176012,26,24,28,23
4062176022,31,18,32,22
4062176031,29,28,29,22
4062176041,32,30,30,21
4062176052,28,18,31,19
4062176062,32,27,28,25
4062176071,31,31,29,16
4062176081,28,19,30,21
4062176092,32,26,31,23
4062176101,31,30,28,21
4062183012,19,29,25,25
4062183022,26,28,23,28
4062183031,24,26,26,26
4062183041,11,20,17,5
4062183052,15,26,25,23
4062183062,25,29,25,26
4062183071,19,21,18,10
4062183081,26,12,25,8
4062183092,19,16,23,24
4062183101,29,24,19,11
4062186012,15,24,27,16
4062186022,18,26,19,8
4062186031,21,12,27,12
4062186041,28,26,28,9
4062186052,23,26,28,20
4062186062,20,23,24,18
4062186071,26,31,26,21
4062186081,26,27,22,23
4062186092,27,15,27,25
4062186101,29,30,24,22
4072193012,10,23,18,17
4072193022,25,28,18,18
4072193031,10,27,17,12
4072193041,30,25,20,18
4072193052,21,23,29,23
4072193062,21,24,20,18
4072193071,28,24,24,22
4072193081,13,20,17,15
4072193092,27,22,27,27
4072193101,15,29,12,23
4072196012,23,25,28,23
4072196022,29,27,22,27
4072196031,29,19,30,20
4072196041,30,24,27,26
4072196052,18,29,22,19
4072196062,26,25,21,25
4072196071,30,23,24,18
4072196081,13,20,24,12
4072196092,25,25,25,19
4072196101,29,24,23,25
4072203012,26,28,18,27
4072203022,26,26,29,25
4072203031,24,25,19,17
4072203041,29,26,23,29
4072203052,22,27,29,26
4072203062,25,22,20,20
4072203071,20,23,27,22
4072203081,17,21,24,21
4072203092,15,25,27,17
4072203101,18,24,24,19
4072206012,30,26,25,22
4072206022,31,30,26,25
4072206031,30,30,29,26
4072206041,24,26,30,21
4072206052,22,26,29,31
4072206062,28,24,26,22
4072206071,31,20,27,21
4072206081,19,28,22,15
4072206092,30,30,31,26
4072206101,25,30,26,26
4072213012,15,29,26,25
4072213022,27,21,29,23
4072213031,29,20,25,20
4072213041,23,20,26,12
4072213052,28,29,24,29
4072213062,20,23,24,22
4072213071,23,14,25,14
4072213081,24,20,25,7
4072213092,23,26,23,25
4072213101,20,23,21,21
4072216012,27,27,22,21
4072216022,24,27,23,24
4072216031,30,23,24,8
4072216041,29,27,26,21
4072216052,16,24,26,7
4072216062,23,29,24,26
4072216071,27,23,23,18
4072216081,15,24,29,20
4072216092,23,29,20,13
4072216101,25,30,23,18
4072223012,28,28,21,26
4072223022,26,22,26,22
4072223031,24,23,25,24
4072223041,26,18,26,16
4072223052,21,21,26,25
4072223062,23,29,26,30
4072223071,24,23,27,25
4072223081,23,16,12,24
4072223092,25,16,24,19
4072223101,16,24,22,26
4072226012,29,28,26,29
4072226022,27,28,24,29
4072226031,30,24,23,22
4072226041,27,25,30,22
4072226052,31,26,24,22
4072226062,25,29,22,23
4072226071,27,21,22,25
4072226081,18,21,24,13
4072226092,18,28,26,26
4072226101,26,23,21,26
4072233012,19,29,31,26
4072233022,30,27,24,20
4072233031,19,29,25,20
4072233041,26,23,23,15
4072233052,24,32,31,31
4072233062,22,27,21,24
4072233071,24,30,25,22
4072233081,19,28,19,12
4072233092,26,29,31,28
4072233101,26,27,31,27
4072236012,16,26,29,22
4072236022,20,28,31,21
4072236031,31,31,27,27
4072236041,31,25,31,25
4072236052,30,28,27,28
4072236062,32,28,29,25
4072236071,14,18,30,15
4072236081,27,22,16,24
4072236092,29,24,28,21
4072236101,26,28,30,27
4072243012,21,12,20,19
4072243022,28,26,23,28
4072243031,25,21,25,22
4072243041,26,29,24,30
4072243052,6,23,26,9
4072243062,21,27,28,22
4072243071,14,23,18,20
4072243081,29,29,28,29
4072243092,24,22,24,28
4072243101,17,30,25,26
4072246012,15,26,27,23
4072246022,23,16,28,22
4072246031,19,22,27,22
4072246041,29,19,24,24
4072246052,28,29,30,25
4072246062,31,25,27,27
4072246071,27,29,29,29
4072246081,27,21,21,18
4072246092,29,25,23,20
4072246101,25,21,25,24
4082253012,27,28,26,30
4082253022,20,21,17,20
4082253031,19,30,18,17
4082253041,16,24,17,20
4082253052,24,25,23,25
4082253062,24,23,27,24
4082253071,17,27,20,24
4082253081,22,21,25,22
4082253092,25,22,28,23
4082253101,16,17,19,27
4082256012,15,17,23,27
4082256022,24,22,18,30
4082256031,20,25,21,31
4082256041,20,17,18,23
4082256052,19,29,17,29
4082256062,17,28,20,21
4082256071,26,27,17,27
4082256081,20,26,27,26
4082256092,24,25,29,27
4082256101,28,30,28,27
4082263012,27,32,22,26
4082263022,27,22,23,30
4082263031,24,29,26,27
4082263041,22,20,25,16
4082263052,19,26,30,29
4082263062,27,26,27,11
4082263071,26,23,24,23
4082263081,22,23,26,19
4082263092,20,28,29,26
4082263101,16,19,26,18
4082266012,17,26,26,24
4082266022,28,30,26,19
4082266031,21,28,29,17
4082266041,24,21,27,24
4082266052,30,26,28,22
4082266062,30,28,30,18
4082266071,28,23,23,25
4082266081,22,27,22,26
4082266092,30,25,28,21
4082266101,8,22,28,20
4082273012,29,25,29,23
4082273022,28,23,30,19
4082273031,26,16,24,15
4082273041,26,29,25,18
4082273052,28,20,28,24
4082273062,30,24,28,21
4082273071,24,28,29,17
4082273081,27,9,23,12
4082273092,30,20,22,25
4082273101,27,30,25,22
4082276012,19,15,25,19
4082276022,21,24,29,18
4082276031,12,22,17,16
4082276041,13,25,23,15
4082276052,23,27,19,17
4082276062,25,18,21,24
4082276071,30,22,19,23
4082276081,26,27,29,20
4082276092,16,24,19,19
4082276101,17,17,22,24
4082283012,29,27,30,26
4082283022,21,28,28,24
4082283031,17,28,26,24
4082283041,26,23,17,21
4082283052,25,26,26,22
4082283062,22,28,28,20
4082283071,19,22,27,26
4082283081,12,30,30,24
4082283092,26,29,27,27
4082283101,28,24,30,22
4082286012,20,24,31,25
4082286022,30,24,32,25
4082286031,24,31,32,30
4082286041,28,29,32,17
4082286052,31,27,32,27
4082286062,28,27,30,31
4082286071,30,29,28,26
4082286081,32,30,23,29
4082286092,31,19,29,25
4082286101,26,30,30,23
4082293012,21,27,29,11
4082293022,28,24,24,11
4082293031,24,28,27,19
4082293041,24,28,27,26
4082293052,20,21,26,19
4082293062,27,19,25,17
4082293071,23,20,30,13
4082293081,21,27,31,17
4082293092,19,27,26,20
4082293101,22,22,19,27
4082296012,28,28,27,24
4082296022,11,22,21,26
4082296031,28,29,28,24
4082296041,30,22,18,28
4082296052,28,26,24,25
4082296062,24,28,27,25
4082296071,13,19,20,12
4082296081,28,22,23,29
4082296092,26,27,19,22
4082296101,28,27,28,28
4082303012,20,29,24,29
4082303022,7,25,23,9
4082303031,29,20,22,19
4082303041,25,25,25,15
4082303052,27,19,25,29
4082303062,11,29,26,23
4082303071,22,28,25,16
4082303081,22,25,25,12
4082303092,24,25,27,28
4082303101,10,28,20,11
4082306012,22,18,21,29
4082306022,21,31,25,18
4082306031,16,16,15,27
4082306041,23,31,27,19
4082306052,20,20,23,17
4082306062,15,25,21,20
4082306071,24,28,28,25
4082306081,14,32,15,8
4082306092,23,28,25,25
4082306101,19,22,21,27
4092313012,17,27,29,25
4092313022,23,29,27,26
4092313031,19,30,22,27
4092313041,22,19,16,22
4092313052,18,21,18,23
4092313062,8,22,22,25
4092313071,20,18,26,19
4092313081,18,28,22,29
4092313092,25,31,27,27
4092313101,15,21,25,29
4092316012,25,31,20,25
4092316022,29,28,22,26
4092316031,23,20,21,22
4092316041,21,22,30,26
4092316052,31,24,30,27
4092316062,31,24,29,26
4092316071,31,29,18,26
4092316081,27,25,25,22
4092316092,26,25,26,29
4092316101,28,24,26,28
4092323012,20,9,25,14
4092323022,18,13,24,14
4092323031,30,23,29,23
4092323041,19,16,23,18
4092323052,29,27,28,26
4092323062,20,19,9,13
4092323071,12,23,25,20
4092323081,12,19,16,15
4092323092,28,25,25,18
4092323101,20,22,22,15
4092326012,23,30,29,28
4092326022,27,25,25,20
4092326031,29,13,31,12
4092326041,26,22,20,19
4092326052,23,31,30,28
4092326062,26,23,25,23
4092326071,13,25,27,22
4092326081,31,14,22,17
4092326092,12,25,20,20
4092326101,20,25,23,21
4092333012,29,29,20,29
4092333022,25,18,18,25
4092333031,26,24,22,31
4092333041,23,15,25,29
4092333052,15,16,28,30
4092333062,26,18,13,30
4092333071,28,20,24,29
4092333081,18,20,27,29
4092333092,18,23,27,29
4092333101,23,17,25,17
4092336012,22,19,20,17
4092336022,9,24,26,23
4092336031,23,29,31,9
4092336041,28,17,26,11
4092336052,20,19,28,17
4092336062,28,25,29,26
4092336071,29,31,31,25
4092336081,28,24,31,15
4092336092,22,21,24,20
4092336101,19,22,19,13
4092343012,19,23,11,20
4092343022,22,27,22,16
4092343031,18,21,21,24
4092343041,19,17,15,11
4092343052,23,16,24,27
4092343062,21,19,28,29
4092343071,14,31,28,28
4092343081,19,22,21,26
4092343092,26,27,22,27
4092343101,24,20,28,23
4092346012,24,21,28,20
4092346022,31,17,18,26
4092346031,30,31,29,18
4092346041,31,19,32,17
4092346052,30,30,28,28
4092346062,30,27,22,19
4092346071,31,24,31,16
4092346081,29,19,29,15
4092346092,31,18,31,18
4092346101,16,26,21,10
4092353012,12,26,20,21
4092353022,27,23,22,19
4092353031,27,23,23,23
4092353041,18,29,28,27
4092353052,28,22,14,16
4092353062,11,18,13,17
4092353071,20,28,19,14
4092353081,24,30,27,23
4092353092,19,19,28,20
4092353101,25,29,29,26
4092356012,31,30,26,28
4092356022,26,24,28,25
4092356031,16,27,27,17
4092356041,23,25,24,18
4092356052,29,27,26,26
4092356062,25,25,31,24
4092356071,28,25,27,25
4092356081,17,22,24,23
4092356092,29,23,22,26
4092356101,24,24,22,25
4102363012,27,29,31,24
4102363022,22,23,18,21
4102363031,29,18,24,18
4102363041,25,28,27,21
4102363052,27,23,30,20
4102363062,31,14,26,25
4102363071,27,30,24,15
4102363081,24,24,30,14
4102363092,17,23,24,13
4102363101,31,26,25,14
4102366012,24,30,29,19
4102366022,21,27,22,23
4102366031,30,20,30,11
4102366041,28,29,31,18
4102366052,30,27,27,13
4102366062,29,29,9,25
4102366071,31,24,26,8
4102366081,28,13,30,27
4102366092,29,29,28,29
4102366101,25,19,27,11
4102373012,13,24,25,25
4102373022,19,27,26,27
4102373031,25,29,23,26
4102373041,21,25,30,11
4102373052,28,28,26,28
4102373062,27,30,28,27
4102373071,18,25,27,26
4102373081,18,30,28,27
4102373092,29,27,30,25
4102373101,25,25,27,27
4102376012,29,23,30,27
4102376022,31,27,31,29
4102376031,20,29,31,21
4102376041,30,19,30,27
4102376052,32,26,27,30
4102376062,25,28,31,29
4102376071,29,28,30,25
4102376081,28,20,29,28
4102376092,28,28,28,30
4102376101,28,29,30,28
4102383012,15,24,26,19
4102383022,27,20,22,15
4102383031,24,19,17,11
4102383041,20,21,25,11
4102383052,25,23,23,13
4102383062,24,21,23,24
4102383071,26,16,26,14
4102383081,13,20,13,19
4102383092,29,29,28,20
4102383101,31,20,18,22
4102386012,21,28,29,22
4102386022,32,22,32,26
4102386031,18,30,27,21
4102386041,27,23,24,24
4102386052,29,25,31,28
4102386062,32,26,13,29
4102386071,25,28,24,19
4102386081,18,21,22,28
4102386092,32,16,31,22
4102386101,31,24,24,28
4102393012,19,15,30,27
4102393022,26,22,23,24
4102393031,22,30,26,25
4102393041,16,26,27,21
4102393052,28,22,26,22
4102393062,22,25,31,28
4102393071,19,24,25,17
4102393081,9,21,21,13
4102393092,26,21,23,27
4102393101,27,12,21,13
4102396012,20,21,30,18
4102396022,30,32,26,27
4102396031,18,26,30,29
4102396041,23,20,28,17
4102396052,30,30,29,18
4102396062,28,17,27,27
4102396071,15,28,28,21
4102396081,29,21,21,23
4102396092,26,24,30,25
4102396101,27,24,25,25
4102403012,22,17,20,22
4102403022,25,29,31,27
4102403031,30,18,26,23
4102403041,6,18,19,13
4102403052,26,19,24,23
4102403062,22,26,30,27
4102403071,16,16,26,27
4102403081,32,19,30,22
4102403092,25,22,21,29
4102403101,7,22,26,22
4102406012,27,28,26,23
4102406022,29,26,23,24
4102406031,15,23,19,8
4102406041,22,18,18,9
4102406052,26,28,22,10
4102406062,21,27,23,14
4102406071,29,29,28,23
4102406081,28,23,24,28
4102406092,23,27,25,17
4102406101,18,24,29,18
4112413012,28,26,28,31
4112413022,26,24,22,23
4112413031,22,31,22,31
4112413041,26,28,27,31
4112413052,24,26,26,27
4112413062,27,21,25,28
4112413071,16,29,24,31
4112413081,23,29,23,32
4112413092,13,23,24,29
4112413101,24,30,27,27
4112416012,23,30,22,25
4112416022,22,22,28,27
4112416031,29,22,23,18
4112416041,31,28,29,27
4112416052,27,27,24,28
4112416062,23,25,31,26
4112416071,27,26,31,28
4112416081,26,22,24,20
4112416092,30,26,25,29
4112416101,28,32,23,32
4112423012,23,25,30,31
4112423022,24,25,25,29
4112423031,30,29,26,27
4112423041,15,23,24,25
4112423052,29,29,26,29
4112423062,26,23,17,24
4112423071,19,27,27,26
4112423081,24,21,32,29
4112423092,23,23,24,26
4112423101,25,31,31,28
4112426012,29,19,31,26
4112426022,5,20,31,20
4112426031,16,23,32,21
4112426041,30,26,26,22
4112426052,30,23,31,25
4112426062,30,27,31,21
4112426071,24,30,26,18
4112426081,29,30,30,22
4112426092,28,27,28,27
4112426101,28,30,31,21
4112433012,30,26,29,29
4112433022,29,25,25,27
4112433031,26,30,25,25
4112433041,20,28,25,27
4112433052,25,32,27,22
4112433062,24,22,24,25
4112433071,21,31,25,23
4112433081,26,22,26,21
4112433092,20,22,27,26
4112433101,28,28,29,27
4112436012,24,19,19,26
4112436022,28,31,31,23
4112436031,25,23,24,14
4112436041,26,24,26,27
4112436052,23,30,26,29
4112436062,24,30,19,22
4112436071,28,25,21,25
4112436081,22,28,28,24
4112436092,30,28,28,16
4112436101,6,30,28,25
4112443012,23,25,24,23
4112443022,20,23,15,10
4112443031,24,25,22,25
4112443041,21,22,28,17
4112443052,30,27,20,11
4112443062,19,24,25,13
4112443071,15,26,21,24
4112443081,9,30,26,24
4112443092,15,23,18,23
4112443101,23,30,24,28
4112446012,17,28,27,18
4112446022,27,28,31,27
4112446031,25,30,30,11
4112446041,28,29,29,25
4112446052,28,25,28,15
4112446062,30,26,23,20
4112446071,29,30,30,17
4112446081,29,21,24,15
4112446092,31,25,24,29
4112446101,29,21,24,19
4112453012,30,28,25,26
4112453022,27,21,27,27
4112453031,14,27,19,27
4112453041,16,24,32,28
4112453052,30,29,24,29
4112453062,26,20,26,26
4112453071,26,22,17,18
4112453081,22,29,16,25
4112453092,11,29,27,27
4112453101,22,28,28,25
4112456012,30,27,25,26
4112456022,27,29,27,31
4112456031,30,30,29,24
4112456041,13,32,30,27
4112456052,25,30,31,25
4112456062,30,25,24,28
4112456071,30,27,24,12
4112456081,28,30,30,29
4112456092,30,30,29,27
4112456101,23,30,30,25
4122463012,22,21,27,16
4122463022,21,20,22,28
4122463031,16,30,11,28
4122463041,16,15,26,9
4122463052,22,26,25,15.5
4122463062,28,24,21,26.5
4122463071,19,17,18,24
4122463081,19,19,17,20
4122463092,26,24,26,27
4122463101,28,23,24.5,26
4122466012,17,21,21,17
4122466022,25,26,18.5,21
4122466031,16,17,19,12
4122466041,26,22,20,16
4122466052,23,16,24,16
4122466062,21,22,20.5,11
4122466071,23,23,21,10
4122466081,25,21,20,18
4122466092,14,19,25,14
4122466101,9.5,28,27,29
4122473012,28,22,27,28
4122473022,28,25,28,27.5
4122473031,25,27,23,23
4122473041,23,23,23,23
4122473052,28,23,28,28
4122473062,27,27,29,29
4122473071,16,25,26,26
4122473081,24,19,24,25
4122473092,29,28,25.5,26
4122473101,30,23,32,32
4122476012,28,22,26,27
4122476022,31,26,27,28
4122476031,29.5,20,28,24
4122476041,28,22,30.5,16
4122476052,28,26,29,22
4122476062,29,20,29,20
4122476071,31,17,31,26
4122476081,27,19,24,16
4122476092,28.5,24,31,27
4122476101,29,23,27,24
4122483012,20,22,23,29
4122483022,28,22,30,21
4122483031,32,27,26,24
4122483041,26.5,14,16,23
4122483052,21,26,20,29
4122483062,20,26,25,28
4122483071,27,26,30,28
4122483081,24,26,32,29
4122483092,28,26,25,29
4122483101,12,27,25,16
4122486012,26,29,16,18
4122486022,24,28,25,19
4122486031,30,30,28.5,26
4122486041,23,23,22,22
4122486052,23.5,23,26,22
4122486062,24.5,30,20,19
4122486071,16,20,11,19
4122486081,29,27,28,26
4122486092,26,26,16,20
4122486101,29,26,22.5,22
4122493012,28,30,28,23
4122493022,24,18,25,24
4122493031,23,27,19,29
4122493041,28,26,26,32
4122493052,15,25,19,25
4122493062,27,30,28,29
4122493071,25,28,29,18
4122493081,23,29,26,27
4122493092,26,28,26,29
4122493101,27,29,29,29
4122496012,29.5,27,25,28
4122496022,24,24,27,27
4122496031,11,26,23,14
4122496041,28,27,24,20
4122496052,26,26,28,24
4122496062,26,26,25,19
4122496071,26,20,21,19
4122496081,17,29,27,20
4122496092,29,27,27,24
4122496101,14,29,29,11
4122503012,22,27,29,28
4122503022,21,24,22,20
4122503031,29,27,24,24
4122503041,24,25,28,25
4122503052,29,24,28,25
4122503062,27,23,27.5,28
4122503071,29,25,25,29
4122503081,28,23,27,24
4122503092,25,22,24,15
4122503101,26.5,24,25,23
4122506012,28,23,29,27
4122506022,20,26,25,25
4122506031,23,24,28,31
4122506041,16,22,25,21
4122506052,21,23,24,32
4122506062,20.5,25,27,18
4122506071,18,26,29,11
4122506081,10,30,23,21
4122506092,22,26,28,24
4122506101,19,25,30,25
